,x,y,z,num_stocks,past_start_date,past_end_date,future_start_date,future_end_date,past_cagr,future_cagr,absolute_return_past,absolute_return_future,sum_past_xy_price,sum_past_x_price,sum_current_price
0,1.0,1.0,0.0,30,2023-11-03,2024-11-02,2024-11-02,2025-11-02,-41.36788771311204,-73.12500927642803,-42.19042565854473,-33.550207149344565,9095.483012199402,5258.060013651848,3493.9699870347977
57,1.0,3.5,0.0,30,2021-05-05,2024-11-02,2024-11-02,2025-11-02,-15.269559166654068,-63.41049419731692,-44.186704559279214,-26.773596251785577,16308.65863442421,9102.399826049805,6665.360047399998
42,1.0,3.0,0.0,30,2021-11-03,2024-11-02,2024-11-02,2025-11-02,-21.521268770509717,-59.61489881206177,-52.03146783500395,-25.280959597111107,18477.286145448685,8863.282947897911,6622.559966862202
86,1.0,5.0,0.0,30,2019-11-04,2024-11-02,2024-11-02,2025-11-02,-8.806158452696389,-57.08863136163649,-36.53937507026951,-22.717857064491795,5363.498982667923,3403.709972500801,2630.460006058216
33,1.0,2.5,0.0,30,2022-05-05,2024-11-02,2024-11-02,2025-11-02,-28.446920707657895,-53.71129520037159,-57.38033743793396,-21.834551528810664,13100.917478084564,5583.566821694374,4364.42004686594
22,1.0,2.0,0.0,30,2022-11-03,2024-11-02,2024-11-02,2025-11-02,-28.19352998537742,-50.36714329319243,-49.12179514004189,-20.670779916974137,11567.298238396645,5885.233694493771,4668.709989905357
8,1.0,1.5,0.0,30,2023-05-05,2024-11-02,2024-11-02,2025-11-02,-25.630575019754755,-46.17358461920125,-32.74009984025983,-17.63709377935,13295.633743286133,8942.629981338978,7365.409945189953
64,1.0,4.0,0.0,30,2020-11-03,2024-11-02,2024-11-02,2025-11-02,-6.74626864652621,-34.56669275190338,-23.462211652455252,-12.254909186036246,12391.690200090408,9484.32561802864,8322.03012663126
88,1.0,5.0,0.5,30,2019-05-06,2024-05-04,2024-05-04,2025-05-04,-20.235584811672524,-23.574336741747004,-68.67939324978506,-21.28795981430785,5460.208377838135,1710.1703937649727,1346.110007584095
186,1.5,5.0,0.0,30,2019-05-06,2024-05-04,2024-05-04,2025-11-02,-20.235584811672524,-23.574336741747004,-68.67939324978506,-21.28795981430785,5460.208377838135,1710.1703937649727,1346.110007584095
102,1.5,1.0,0.0,30,2023-05-05,2024-05-04,2024-05-04,2025-11-02,-22.57843271190756,-22.33624013316915,-23.051144017106257,-19.211615402519207,13163.520999133587,10129.17881590128,8183.199938356876
1,1.0,1.0,0.5,30,2023-05-05,2024-05-04,2024-05-04,2025-05-04,-22.57843271190756,-22.33624013316915,-23.051144017106257,-19.211615402519207,13163.520999133587,10129.17881590128,8183.199938356876
98,1.5,1.0,0.5,30,2022-11-04,2023-11-04,2023-11-04,2025-05-04,-45.054016817089305,-16.04755819655519,-44.745280451541255,-22.5931176300783,7444.374227166176,4113.368101358414,3184.030007660389
11,1.0,1.0,5.0,30,2018-11-04,2019-11-04,2019-11-04,2020-11-03,-66.07848193723088,-15.813242880265443,-66.14245443695704,-15.813242880265443,3020.3227466344833,1022.607150092721,860.8997977375984
109,1.5,1.0,5.0,30,2018-05-06,2019-05-06,2019-05-06,2020-11-03,-66.64104180181415,-15.241732138471232,-66.59925389044908,-21.950254745831845,4696.079105615616,1568.5254591703415,1224.2301251292229
119,1.5,2.0,0.0,30,2022-05-05,2024-05-04,2024-05-04,2025-11-02,-35.63765840410748,-14.792712439159905,-58.833791314165396,-13.731823848714283,12155.771226406097,5004.070150434971,4316.920052111149
24,1.0,2.0,0.5,30,2022-05-05,2024-05-04,2024-05-04,2025-05-04,-35.63765840410748,-14.792712439159905,-58.833791314165396,-13.731823848714283,12155.771226406097,5004.070150434971,4316.920052111149
646,4.0,3.0,4.0,30,2014-11-05,2017-11-04,2017-11-04,2021-11-03,-13.719009886664747,-14.528847733960347,-34.86571906603536,-46.58640280833251,11039.264589875937,7190.345611013472,3840.6222413554788
492,3.0,5.0,5.0,30,2012-11-05,2017-11-04,2017-11-04,2020-11-03,-9.390839859253441,-13.600172174200253,-38.00137094527901,-35.45144778478975,10156.657728016376,6296.9885491505265,4064.6149416342378
689,4.0,5.0,4.0,30,2012-11-05,2017-11-04,2017-11-04,2021-11-03,-9.390839859253441,-12.984291997336738,-38.00137094527901,-42.62514454534682,10156.657728016376,6296.9885491505265,3612.888078071177
594,3.5,5.0,5.0,30,2012-05-07,2017-05-06,2017-05-06,2020-11-03,-17.713526365470244,-12.911667187902488,-62.15345909709895,-38.301990746924076,17658.74817314744,6683.225350290537,4123.416995026171
884,5.0,4.5,5.0,30,2011-05-08,2015-11-05,2015-11-05,2020-11-03,-27.237675987476308,-12.858243081210553,-75.62738698506877,-49.7505215088932,33767.22012978792,8229.953888133168,4135.508908845484
584,3.5,4.5,5.0,30,2012-11-05,2017-05-06,2017-05-06,2020-11-03,-8.898912788750469,-12.668109971658826,-34.077781604764944,-37.69714723397717,10155.266733944416,6694.577114969492,4170.912523247302
789,4.5,5.0,4.0,30,2012-05-07,2017-05-06,2017-05-06,2021-11-03,-17.713526365470244,-12.564854649845202,-62.15345909709895,-45.30009472896095,17658.74817314744,6683.225350290537,3655.7179356589913
886,5.0,5.0,3.0,30,2012-11-05,2017-11-04,2017-11-04,2022-11-03,-9.390839859253441,-12.341815941690603,-38.00137094527901,-48.206433993178806,10156.657728016376,6296.9885491505265,3261.4349206462502
890,5.0,5.0,5.0,30,2010-11-06,2015-11-05,2015-11-05,2020-11-03,-36.89834130764101,-12.25210147608603,-90.02679451131323,-47.97841003142628,84044.70086431503,8381.950719550252,4360.424034692347
452,3.0,3.0,5.0,30,2014-11-05,2017-11-04,2017-11-04,2020-11-03,-13.719009886664747,-12.067505902323884,-34.86571906603536,-31.961582251327208,11039.264589875937,7190.345611013472,4892.197384394705
868,5.0,4.0,5.0,30,2011-11-06,2015-11-05,2015-11-05,2020-11-03,-23.934961985281745,-11.691831827336753,-66.2115146978837,-46.296278722896936,25209.83777540922,8518.022331431508,4574.494971193373
778,4.5,4.5,4.0,30,2012-11-05,2017-05-06,2017-05-06,2021-11-03,-8.898912788750469,-11.459524215534744,-34.077781604764944,-42.12375140786735,10155.266733944416,6694.577114969492,3874.570093251765
402,3.0,1.0,4.0,30,2017-11-04,2018-11-04,2018-11-04,2021-11-03,-65.23574592680241,-11.403341758659069,-63.52465292341671,-30.434151682638195,5252.882865905762,1916.0072568655014,1332.8867020606995
874,5.0,4.5,2.5,30,2013-11-06,2018-05-06,2018-05-06,2023-05-05,-9.556848621072533,-11.168368650928429,-36.478621387928804,-44.667652020219926,7625.063236668706,4843.545287974179,2680.0473333001137
95,1.0,5.0,2.5,30,2017-05-06,2022-05-05,2022-05-05,2023-05-05,-27.674737654137683,-10.763856583479159,-80.09242306542555,-10.763856583479162,7028.465436935425,1399.1971641778946,1248.5895881056786
81,1.0,4.5,2.0,30,2018-05-06,2022-11-03,2022-11-03,2023-11-03,-28.526179507854653,-10.67084746768111,-77.78956051575575,-10.67084746768111,7977.3673639297485,1771.808350801468,1582.741384267807
32,1.0,2.5,0.5,30,2021-11-04,2024-05-04,2024-05-04,2025-05-04,-27.58193345754072,-10.478815006690322,-56.10393740926565,-10.612339136066854,20680.283467292786,9077.83017474413,8114.460050404072
533,3.5,2.0,5.0,30,2015-05-07,2017-05-06,2017-05-06,2020-11-03,-16.548558323578565,-10.462247189895347,-29.67828951908622,-32.02481611209085,8644.336268424988,6078.845123678446,4132.106151081622
494,3.0,4.5,5.0,30,2013-05-07,2017-11-04,2017-11-04,2020-11-03,-4.0202468545000425,-10.036663930030043,-15.680658515980122,-27.14684720798981,7871.292999744415,6637.022423662245,4835.280087150633
541,3.5,2.5,5.0,30,2014-11-05,2017-05-06,2017-05-06,2020-11-03,-15.188243621832553,-10.027448991414511,-33.653993972985404,-30.86476636454613,9712.535616487265,6443.87946549058,4454.991123653948
410,3.0,1.0,5.0,30,2016-11-04,2017-11-04,2017-11-04,2020-11-03,-23.60881455087861,-9.684102628703805,-23.407244011744794,-26.288543599242185,12694.502473473549,9723.069303430617,7167.015990413725
875,5.0,4.5,3.0,30,2013-05-07,2017-11-04,2017-11-04,2022-11-03,-4.0202468545000425,-9.621942344708723,-15.680658515980122,-39.6668822516775,7871.292999744415,6637.022423662245,4004.3225538507104
692,4.0,5.0,5.0,30,2011-11-06,2016-11-04,2016-11-04,2020-11-03,-24.035271222371925,-9.372512292421586,-74.46707357027303,-32.5410209413543,25430.13335722685,6493.0572410821915,4380.150124527514
93,1.0,5.0,2.0,30,2017-11-04,2022-11-03,2022-11-03,2023-11-03,-28.608851766132627,-9.159871530184338,-81.12642009279537,-9.159871530184335,8731.997836112976,1648.040589094162,1497.0821883678436
107,1.5,1.5,0.0,30,2022-11-03,2024-05-04,2024-05-04,2025-11-02,-27.83464858206248,-9.126283990121365,-39.148612888837725,-8.677870224623613,19062.517020583153,11599.806025326252,10593.18991214037
111,1.5,1.5,0.5,30,2022-05-05,2023-11-04,2023-11-04,2025-05-04,-52.96901933994267,-9.123616047529492,-67.66708462718664,-12.628881326505534,6750.955763697624,2182.780813932419,1907.120015323162
15,1.0,1.5,2.5,30,2020-11-04,2022-05-05,2022-05-05,2023-05-05,-13.919586061966028,-9.110722537773096,-20.11859548853954,-9.110722537773096,19364.405465841293,15468.559061408043,14059.261564731598
10,1.0,1.5,0.5,30,2022-11-04,2024-05-04,2024-05-04,2025-05-04,-27.368062096032432,-9.091018035857012,-38.503974816661895,-8.646069368988464,18850.821643471718,11592.506025135517,10590.209912598133
208,2.0,1.5,0.0,30,2022-05-05,2023-11-03,2023-11-03,2025-11-02,-52.96901933994267,-8.967894333688097,-67.7132121014369,-12.504055994252294,6750.955763697624,2179.666768550873,1907.120015323162
806,5.0,1.5,2.5,30,2016-11-05,2018-05-06,2018-05-06,2023-05-05,-34.0441631276858,-8.913113949417784,-45.21204586155632,-37.28226637148578,9650.682666420937,5287.411593325436,3316.1447189450264
682,4.0,4.5,5.0,30,2012-05-07,2016-11-04,2016-11-04,2020-11-03,-20.281390009470734,-8.90385816534569,-63.929382376958934,-31.13478062227471,17829.928234487772,6431.365235924721,4428.973778702319
885,5.0,5.0,2.5,30,2013-05-07,2018-05-06,2018-05-06,2023-05-05,-10.080002310960957,-8.831770757291679,-40.85732579196751,-37.00187617495589,7314.384330272675,4325.922494776547,2725.2500098347664
467,3.0,3.5,5.0,30,2014-05-07,2017-11-04,2017-11-04,2020-11-03,-3.6620291451230025,-8.736966589016815,-11.321458218450841,-23.94946709499016,7792.102685406804,6909.923035539687,5255.033291853964
788,4.5,5.0,3.5,30,2012-11-06,2017-11-05,2017-11-05,2022-05-05,-9.35593183423884,-8.676323185364232,-37.86519706871045,-33.505268898375704,10134.398520767689,6296.9885491505265,4187.165603257716
480,3.0,4.0,5.0,30,2013-11-05,2017-11-04,2017-11-04,2020-11-03,-2.260653988598893,-8.668545453446308,-7.726489019520619,-23.778603475958455,8251.914515212178,7614.331246294081,5803.749611891806
822,5.0,2.0,4.0,30,2014-11-05,2016-11-04,2016-11-04,2021-11-03,-23.716219229305324,-8.601985826066228,-41.807847913285926,-36.220105123701686,9527.73101195693,5544.391720890999,3536.207211114466
864,5.0,4.0,3.0,30,2013-11-05,2017-11-04,2017-11-04,2022-11-03,-2.260653988598893,-8.488016071025994,-7.726489019520619,-35.790256772406956,8251.914515212178,7614.331246294081,4889.142541743815
887,5.0,5.0,3.5,30,2012-05-07,2017-05-06,2017-05-06,2022-05-05,-17.713526365470244,-8.411985160260294,-62.15345909709895,-35.52336964915062,17658.74817314744,6683.225350290537,4309.1185046210885
876,5.0,4.5,3.5,30,2012-11-06,2017-05-06,2017-05-06,2022-05-05,-8.90040170155636,-8.277309356064833,-34.0363229224841,-35.04844737791241,10085.134192287922,6652.525351434946,4320.918504334986
734,4.5,2.5,4.0,30,2014-11-05,2017-05-06,2017-05-06,2021-11-03,-15.188243621832553,-8.186269655611689,-33.653993972985404,-31.869997416793904,9712.535616487265,6443.87946549058,4390.215246297419
776,4.5,4.5,3.0,30,2013-11-05,2018-05-06,2018-05-06,2022-11-03,-9.421702361819106,-8.012356373318196,-36.06836131760952,-31.303947783342682,7576.131924346089,4843.545287974179,3327.324400164187
842,5.0,3.0,3.0,30,2014-11-05,2017-11-04,2017-11-04,2022-11-03,-13.719009886664747,-7.969930140927762,-34.86571906603536,-33.9540177214126,11039.264589875937,7190.345611013472,4748.9343880191445
877,5.0,4.5,4.0,30,2012-05-07,2016-11-04,2016-11-04,2021-11-03,-20.281390009470734,-7.893711879754828,-63.929382376958934,-33.71024666107446,17829.928234487772,6431.365235924721,4263.336151219904
679,4.0,4.5,4.0,30,2013-05-07,2017-11-04,2017-11-04,2021-11-03,-4.0202468545000425,-7.660518732244082,-15.680658515980122,-27.265680504168156,7871.292999744415,6637.022423662245,4827.3930946365
863,5.0,4.0,2.5,30,2014-05-07,2018-05-06,2018-05-06,2023-05-05,-9.144474024930638,-7.625208515078019,-31.82992165173865,-32.723757169575386,8334.546146824956,5681.66663826257,3822.4118443727493
888,5.0,5.0,4.0,30,2011-11-06,2016-11-04,2016-11-04,2021-11-03,-24.035271222371925,-7.543207032964705,-74.46707357027303,-32.439302387278765,25430.13335722685,6493.0572410821915,4386.75476846844
867,5.0,4.0,4.0,30,2012-11-05,2016-11-04,2016-11-04,2021-11-03,-13.407286842476495,-7.498110417071957,-43.77552752338346,-32.274374946642276,7932.743677139282,4460.143285393715,3020.659918308258
197,2.0,1.0,0.0,30,2022-11-03,2023-11-03,2023-11-03,2025-11-02,-38.611136141507394,-7.432806618178612,-38.6111361415074,-11.075898819253146,14201.303448796272,8718.018840312958,7752.419894516468
521,3.5,1.5,5.0,30,2015-11-05,2017-05-06,2017-05-06,2020-11-03,-24.604218984006685,-7.252297909543149,-34.660734097304754,-23.125021860726303,19050.517729759216,12447.468435287476,9568.98863852024
625,4.0,2.0,5.0,30,2014-11-05,2016-11-04,2016-11-04,2020-11-03,-23.716219229305324,-7.1942705707478405,-41.807847913285926,-25.817894765680382,9527.73101195693,5544.391720890999,4112.946500994265
658,4.0,3.5,4.0,30,2014-05-07,2017-11-04,2017-11-04,2021-11-03,-3.6620291451230025,-7.136353705302745,-11.321458218450841,-25.602367286060694,7792.102685406804,6909.923035539687,5140.819160796702
435,3.0,2.0,5.0,30,2015-11-05,2017-11-04,2017-11-04,2020-11-03,-24.87398216685771,-7.097657267996449,-43.77887761842329,-19.785072788499143,17375.30969543755,9768.59412804991,7835.870669402182
797,4.5,5.0,5.0,30,2011-05-08,2016-05-06,2016-05-06,2020-11-03,-30.108560120884487,-6.943125602368494,-83.00900572271136,-27.654605986673936,33983.14355355501,5774.073976427317,4177.276568867266
104,1.5,1.0,2.5,30,2020-11-04,2021-11-04,2021-11-04,2023-05-05,-10.18371360731729,-6.942011051060448,-10.183713607317285,-10.221303098206437,17611.216534473002,15817.740679837763,14200.961461663246
68,1.0,4.0,2.0,30,2018-11-04,2022-11-03,2022-11-03,2023-11-03,-23.358445653850712,-6.730411432201999,-65.38183153790915,-6.730411432202003,7406.966775894165,2564.156236410141,2391.577971935272
620,4.0,1.5,5.0,30,2015-05-07,2016-11-04,2016-11-04,2020-11-03,-29.776875427304226,-6.728119394941734,-41.12505351848183,-24.31619929114472,7677.042097091675,4519.854426026344,3420.797616124153
777,4.5,4.5,3.5,30,2013-05-07,2017-11-05,2017-11-05,2022-05-05,-4.0202468545000425,-6.524780505975825,-15.680658515980122,-26.166297612477322,7871.292999744415,6637.022423662245,4900.359383679926
787,4.5,5.0,3.0,30,2013-05-07,2018-05-06,2018-05-06,2022-11-03,-10.080002310960957,-6.506900012330141,-40.85732579196751,-26.102779353940704,7314.384330272675,4325.922494776547,3196.736490942538
128,1.5,2.0,2.5,30,2019-11-05,2021-11-04,2021-11-04,2023-05-05,-17.51194266536936,-6.4537015099287665,-31.95720397158689,-9.514372786777624,12548.258490800858,8538.185930013657,7725.831091403961
444,3.0,2.5,5.0,30,2015-05-07,2017-11-04,2017-11-04,2020-11-03,-12.823898783777354,-6.390844331500611,-29.413090739779314,-17.94365963502431,11901.292573928833,8400.754589952528,6893.3517795577645
671,4.0,4.0,5.0,30,2012-11-05,2016-11-04,2016-11-04,2020-11-03,-13.407286842476495,-6.238817015620457,-43.77552752338346,-22.715515794910594,7932.743677139282,4460.143285393715,3446.9987329244614
782,4.5,4.5,5.0,30,2011-11-06,2016-05-06,2016-05-06,2020-11-03,-27.595394336790648,-6.196818111616675,-76.40181809909602,-25.007622142630385,25284.812716662884,5966.756098181009,4474.612278975546
5,1.0,1.0,3.0,30,2020-11-03,2021-11-03,2021-11-03,2022-11-03,-8.518887615904447,-6.014610980920332,-8.518887615904445,-6.014610980920332,18915.315890409052,17303.94138751179,16263.176628686488
609,4.0,1.0,5.0,30,2015-11-05,2016-11-04,2016-11-04,2020-11-03,-34.35676100464241,-5.95447034476072,-34.35676100464241,-21.773729252348485,16920.59923171997,11107.22939312458,8688.771337628365
120,1.5,2.0,0.5,30,2021-11-04,2023-11-04,2023-11-04,2025-05-04,-39.80479011311093,-5.891142841423591,-63.16183009853151,-10.881668188424575,15418.024534225464,5679.7180733680725,5061.669998586178
852,5.0,3.5,2.5,30,2014-11-06,2018-05-06,2018-05-06,2023-05-05,-18.875630464588124,-5.755113015071023,-52.19323618991724,-25.63655233415082,11504.713954538107,5500.031427271664,4090.0129920244217
856,5.0,3.5,5.0,30,2012-05-07,2015-11-05,2015-11-05,2020-11-03,-25.515503668815864,-5.71618991146906,-64.32156049417559,-25.49496517094391,13152.94071522355,4692.763996317983,3496.3454499021173
765,4.5,4.0,3.0,30,2014-05-07,2018-05-06,2018-05-06,2022-11-03,-9.144474024930638,-5.236979654551133,-31.82992165173865,-21.481674489127116,8334.546146824956,5681.66663826257,4461.149505473673
849,5.0,3.0,5.0,30,2012-11-05,2015-11-05,2015-11-05,2020-11-03,-14.837111631207001,-5.040782057641979,-38.23376244662809,-22.787849918816043,7624.595967113972,4709.42605753243,3636.2491155043244
786,4.5,5.0,2.5,30,2013-11-06,2018-11-05,2018-11-05,2023-05-05,-17.135241772402733,-5.037084750242138,-60.9294668273598,-20.745501713271036,6886.506131604314,2690.5946625843644,2132.417300760746
708,4.5,1.5,3.0,30,2016-11-04,2018-05-06,2018-05-06,2022-11-03,-32.69111651325268,-4.905547376000952,-45.1646081701807,-20.23945802412948,9702.415454506874,5320.357531435788,4243.54600212723
645,4.0,3.0,3.5,30,2015-05-07,2018-05-06,2018-05-06,2022-05-05,-19.253944026651137,-4.759751036713277,-47.82582768101875,-17.711316559119858,7741.706480026245,4039.1712793186307,3323.7808676734567
796,5.0,1.0,2.5,30,2017-05-06,2018-05-06,2018-05-06,2023-05-05,-46.11534361328889,-4.616294250468234,-45.729661342519734,-21.036354333859634,9779.112095832825,5307.15725210309,4190.724847495556
766,4.5,4.0,3.5,30,2013-11-06,2017-11-05,2017-11-05,2022-05-05,-2.39932094808607,-4.329509478216808,-8.242563196471842,-18.044142699837558,8298.326012089849,7614.331246294081,6240.390450574458
714,4.5,1.5,5.0,30,2014-11-05,2016-05-06,2016-05-06,2020-11-03,-38.96132723412714,-4.321335376913793,-52.34440120402779,-18.02257841154267,4027.301330178976,1919.2345642149448,1573.3390099778771
4,1.0,1.0,2.0,30,2021-11-03,2022-11-03,2022-11-03,2023-11-03,-54.67617830163791,-4.306474680898575,-54.67617830163791,-4.306474680898563,15869.31016254425,7192.577842831612,6882.831299126148
668,4.0,4.0,4.0,30,2013-11-05,2017-11-04,2017-11-04,2021-11-03,-2.260653988598893,-4.24666439196254,-7.726489019520619,-15.914925523793885,8251.914515212178,7614.331246294081,6402.516099311411
841,5.0,3.0,2.5,30,2015-05-07,2018-05-06,2018-05-06,2023-05-05,-19.253944026651137,-4.2283844430685225,-47.82582768101875,-19.418476574283,7741.706480026245,4039.1712793186307,3254.8257506489754
742,4.5,3.0,3.0,30,2015-05-07,2018-05-06,2018-05-06,2022-11-03,-19.253944026651137,-4.184061278495177,-47.82582768101875,-17.482474175277062,7741.706480026245,4039.1712793186307,3333.024203516543
592,3.5,5.0,4.0,30,2013-05-07,2018-05-06,2018-05-06,2021-11-03,-10.080002310960957,-4.182380998008151,-40.85732579196751,-13.873844119626716,7314.384330272675,4325.922494776547,3725.7507511153817
568,3.5,4.0,4.0,30,2014-05-07,2018-05-06,2018-05-06,2021-11-03,-9.144474024930638,-4.0429997888943525,-31.82992165173865,-13.435071046057645,8334.546146824956,5681.66663826257,4918.330688811839
697,4.5,1.0,2.5,30,2017-11-05,2018-11-05,2018-11-05,2023-05-05,-64.96966843095218,-3.75919467670659,-63.52465292341671,-15.833471751997461,5252.882865905762,1916.0072568655014,1612.6367890834808
769,4.5,4.0,5.0,30,2012-05-07,2016-05-06,2016-05-06,2020-11-03,-23.79979175267031,-3.7297716532164293,-66.28488596815863,-15.717652698321416,18004.627714544535,6070.280764967203,5116.17511651665
115,1.5,1.5,2.5,30,2020-05-05,2021-11-04,2021-11-04,2023-05-05,6.110422682041183,-3.7267873469471025,9.31313553271947,-5.532854605176879,12931.695739604533,14136.042090512812,13353.915434718132
611,4.0,1.5,3.5,30,2016-11-05,2018-05-06,2018-05-06,2022-05-05,-34.0441631276858,-3.6779316256048467,-45.21204586155632,-13.910975596669871,9650.682666420937,5287.411593325436,4551.881056882441
759,4.5,3.5,5.0,30,2012-11-05,2016-05-06,2016-05-06,2020-11-03,-14.061745930253867,-3.502035873761933,-41.17489832567957,-14.817008661622749,10663.484895527363,6272.805831819773,5343.36364839226
351,2.5,3.0,5.0,30,2015-05-07,2018-05-06,2018-05-06,2020-11-03,-19.253944026651137,-3.491743545755288,-47.82582768101875,-8.488724703871945,7741.706480026245,4039.1712793186307,3696.2971490994096
699,4.5,1.0,3.0,30,2017-05-06,2018-05-06,2018-05-06,2022-11-03,-46.11534361328889,-3.4207372893842236,-45.729661342519734,-14.485530379346192,9779.112095832825,5307.15725210309,4538.387376070023
667,4.0,4.0,3.5,30,2014-05-07,2018-05-06,2018-05-06,2022-05-05,-9.144474024930638,-3.199674909243866,-31.82992165173865,-12.189599698981487,8334.546146824956,5681.66663826257,4989.094218827784
754,4.5,3.5,3.0,30,2014-11-05,2018-05-06,2018-05-06,2022-11-03,-18.97845442481667,-3.186500783463342,-52.080818521758964,-13.549118417775002,11661.210418313742,5587.956582911313,4830.837728358805
421,3.0,1.5,5.0,30,2016-05-06,2017-11-04,2017-11-04,2020-11-03,-17.672935797301836,-2.98468546116496,-25.704419136991763,-8.67430284723429,10071.287864118814,7482.521819032729,6833.465215839446
690,4.0,5.0,4.5,30,2012-05-07,2017-05-06,2017-05-06,2021-05-05,-17.713526365470244,-2.847710752773369,-62.15345909709895,-10.899343352979843,17658.74817314744,6683.225350290537,5954.797672308981
680,4.0,4.5,4.5,30,2012-11-06,2017-05-06,2017-05-06,2021-05-05,-8.90040170155636,-2.7291244899841582,-34.0363229224841,-10.464111633504377,10085.134192287922,6652.525351434946,5956.397672213614
513,3.5,1.0,5.0,30,2016-05-06,2017-05-06,2017-05-06,2020-11-03,-16.672142424972357,-2.6878567214662974,-16.96424331372327,-9.078690857570978,11978.16563987732,9946.160476207733,9043.179314374924
558,3.5,3.5,4.0,30,2014-11-05,2018-05-06,2018-05-06,2021-11-03,-18.97845442481667,-2.6584931639214937,-52.080818521758964,-8.98953843678338,11661.210418313742,5587.956582911313,5085.625078059733
59,1.0,3.5,2.5,30,2018-11-05,2022-05-05,2022-05-05,2023-05-05,-27.47198047655022,-2.4560265997467967,-67.49415552828277,-2.4560265997467994,5697.931372642517,1852.1607100963593,1806.6711503863335
219,2.0,2.0,0.0,30,2021-11-03,2023-11-03,2023-11-03,2025-11-02,-40.478412249889416,-2.4419338018896064,-64.57180591705887,-6.1737974629182855,14406.84773850441,5104.085978031158,4788.970047414303
307,2.5,1.0,5.0,30,2017-05-06,2018-05-06,2018-05-06,2020-11-03,-46.11534361328889,-2.385321821469555,-45.729661342519734,-5.847706091037663,9779.112095832825,5307.15725210309,4996.810294210911
656,4.0,3.5,3.5,30,2014-11-06,2018-05-06,2018-05-06,2022-05-05,-18.875630464588124,-2.325124247190813,-52.19323618991724,-8.975256886666271,11504.713954538107,5500.031427271664,5006.389477826655
401,2.5,5.0,5.0,30,2013-05-07,2018-05-06,2018-05-06,2020-11-03,-10.080002310960957,-2.2214737321676337,-40.85732579196751,-5.45276919153432,7314.384330272675,4325.922494776547,4090.0399257317185
591,3.5,5.0,4.5,30,2012-11-06,2017-11-05,2017-11-05,2021-05-05,-9.35593183423884,-2.1608053201934596,-37.86519706871045,-7.352430436733334,10134.398520767689,6296.9885491505265,5834.00684646517
678,4.0,4.5,3.5,30,2013-11-06,2018-05-06,2018-05-06,2022-05-05,-9.556848621072533,-2.081226625481114,-36.478621387928804,-8.063306031472367,7625.063236668706,4843.545287974179,4452.995408631861
502,3.5,1.0,4.0,30,2017-05-06,2018-05-06,2018-05-06,2021-11-03,-46.11534361328889,-2.0011369917214528,-45.729661342519734,-6.822788890685249,9779.112095832825,5307.15725210309,4945.061116695404
579,3.5,4.5,4.0,30,2013-11-05,2018-05-06,2018-05-06,2021-11-03,-9.421702361819106,-1.999388057388396,-36.06836131760952,-6.816975498050098,7576.131924346089,4843.545287974179,4513.361992456019
512,3.5,1.5,4.0,30,2016-11-04,2018-05-06,2018-05-06,2021-11-03,-32.69111651325268,-1.9982501396083596,-45.1646081701807,-6.8131929626491585,9702.415454506874,5320.357531435788,4957.87130651623
753,4.5,3.5,2.5,30,2015-05-07,2018-11-05,2018-11-05,2023-05-05,-24.60348307705931,-1.9579456910801762,-62.79841191748484,-8.511274942565697,9300.42308998108,3459.905087865889,3165.423053085804
710,4.5,1.0,5.0,30,2015-05-07,2016-05-06,2016-05-06,2020-11-03,-36.53587079329981,-1.9461628893165384,-36.5358707932998,-8.461801134987816,6075.0985469818115,3855.508391290903,3529.262938477099
587,3.5,4.0,5.0,30,2013-05-07,2017-05-06,2017-05-06,2020-11-03,-3.4501199956260886,-1.9280430644726176,-12.641124290334071,-6.574623500449592,7360.698814868927,6430.223729044199,6007.460728622973
691,4.0,5.0,3.5,30,2013-05-07,2018-05-06,2018-05-06,2022-05-05,-10.080002310960957,-1.8253430957873795,-40.85732579196751,-7.099192644089969,7314.384330272675,4325.922494776547,4018.816923238337
144,1.5,3.0,0.0,30,2021-05-05,2024-05-04,2024-05-04,2025-11-02,-16.153964007542942,-1.6493601745285469,-42.04316082190713,-2.8818442892785114,23691.388252079487,13730.779788315296,13335.080095112324
46,1.0,3.0,0.5,30,2021-05-05,2024-05-04,2024-05-04,2025-05-04,-16.153964007542942,-1.6493601745285469,-42.04316082190713,-2.8818442892785114,23691.388252079487,13730.779788315296,13335.080095112324
636,4.0,2.5,4.5,30,2014-11-06,2017-05-06,2017-05-06,2021-05-05,-15.031607220101739,-1.5760826860898525,-33.5919092044923,-6.148679134618005,9722.228197664022,6456.346128851175,6059.366121567786
553,3.5,3.0,5.0,30,2014-05-07,2017-05-06,2017-05-06,2020-11-03,-9.47463670730201,-1.5593761730596234,-25.450207346617148,-5.342070393495874,4587.715455248952,3420.1323594152927,3237.4264812245965
131,1.5,2.5,0.5,30,2021-05-05,2023-11-04,2023-11-04,2025-05-04,-27.654827963734675,-1.5180835698444306,-54.805108617515444,-4.265231447897453,16726.240445375443,7559.406201660633,7236.980031073093
381,2.5,4.0,5.0,30,2014-05-07,2018-05-06,2018-05-06,2020-11-03,-9.144474024930638,-1.4975875352321588,-31.82992165173865,-3.6960504471642563,8334.546146824956,5681.66663826257,5471.669373072684
709,4.5,1.5,2.5,30,2017-05-06,2018-11-05,2018-11-05,2023-05-05,-52.845908804120235,-1.4780832886753803,-67.29187388269499,-6.479527047217297,8181.661827087402,2676.0682688951492,2502.6717016100883
80,1.0,4.5,2.5,30,2017-11-05,2022-05-05,2022-05-05,2023-05-05,-29.850013036956714,-1.408209068873989,-79.56709914373502,-1.4082090688739937,6363.349158287048,1300.2168246507645,1281.907053411007
719,4.5,2.0,2.5,30,2016-11-05,2018-11-05,2018-11-05,2023-05-05,-42.19045920035903,-1.099706952118229,-65.88645592565469,-4.852872453385867,8370.423522949219,2855.44811771065,2716.8768625855446
363,2.5,3.5,5.0,30,2014-11-05,2018-05-06,2018-05-06,2020-11-03,-18.97845442481667,-1.0813102665293561,-52.080818521758964,-2.6770438964978145,11661.210418313742,5587.956582911313,5438.364532269537
731,4.5,2.5,2.5,30,2016-05-06,2018-11-05,2018-11-05,2023-05-05,-31.824977713928003,-1.042603852850088,-61.643823280963325,-4.605485548306501,8393.20462846756,3219.312399685383,3071.0474323630333
779,4.5,4.5,4.5,30,2012-05-07,2016-11-05,2016-11-05,2021-05-05,-20.281390009470734,-1.01384522386041,-63.15313041353728,-4.475372087054582,17829.928234487772,6569.770403921604,6275.748733080924
16,1.0,1.5,3.0,30,2020-05-05,2021-11-03,2021-11-03,2022-11-03,5.319063731555218,-0.9491217421650489,8.076097137047531,-0.9491217421650436,12797.80904827267,13831.372538425028,13700.095974422991
790,4.5,5.0,4.5,30,2011-11-07,2016-11-05,2016-11-05,2021-05-05,-24.035271222371925,-0.9378276362234872,-73.89461466875885,-4.14531545067217,25430.13335722685,6638.634303152561,6363.441969670355
853,5.0,3.5,3.0,30,2014-05-07,2017-11-04,2017-11-04,2022-11-03,-3.6620291451230025,-0.9264344422827309,-11.321458218450841,-4.542267364806065,7792.102685406804,6909.923035539687,6596.055856563151
621,4.0,2.0,2.5,30,2017-05-06,2019-05-06,2019-05-06,2023-05-05,-49.489046310708154,-0.868485948027653,-74.21214465566844,-3.428949181084017,8031.069646835327,2071.040623128414,2000.025692641735
602,4.0,1.0,3.5,30,2017-05-06,2018-05-06,2018-05-06,2022-05-05,-46.11534361328889,-0.8641971290547001,-45.729661342519734,-3.409939084162729,9779.112095832825,5307.15725210309,5126.18642270565
70,1.0,4.0,2.5,30,2018-05-06,2022-05-05,2022-05-05,2023-05-05,-31.34463713183484,-0.8509296049140302,-77.6862286539518,-0.8509296049140351,6701.0095500946045,1495.247948884964,1482.524441421032
55,1.0,3.0,5.0,30,2016-11-04,2019-11-04,2019-11-04,2020-11-03,-49.16708084326062,-0.7465607932668927,-86.86484653349407,-0.7465607932668834,3657.95222055912,480.4776379019022,476.8905802369118
826,5.0,2.0,5.0,30,2013-11-05,2015-11-05,2015-11-05,2020-11-03,-6.874367044611008,-0.6538413123705067,-13.276164866581691,-3.2267343257475343,6146.196007728577,5330.216892719269,5158.2249546051025
384,2.5,4.5,5.0,30,2013-11-05,2018-05-06,2018-05-06,2020-11-03,-9.421702361819106,-0.584827665680776,-36.06836131760952,-1.4532870835507328,7576.131924346089,4843.545287974179,4773.15466991812
724,4.5,2.0,4.5,30,2014-11-06,2016-11-05,2016-11-05,2021-05-05,-23.594639831627106,-0.5561873877640733,-41.54014553713559,-2.474869525799141,9527.73101195693,5569.89768320322,5432.0499828234315
364,2.5,4.0,0.5,30,2018-11-05,2022-11-04,2022-11-04,2025-05-04,-23.311748101321406,-0.5256383316061597,-65.41280418002496,-3.755773537851787,7426.269941806793,2568.538526892662,2472.0700365900993
461,3.0,4.0,0.0,30,2018-11-04,2022-11-03,2022-11-03,2025-11-02,-23.358445653850712,-0.45091016687152097,-65.38183153790915,-3.5912866194520103,7406.966775894165,2564.156236410141,2472.0700365900993
230,2.0,2.5,0.0,30,2021-05-05,2023-11-03,2023-11-03,2025-11-02,-27.654827963734675,-0.3845062171257019,-55.46346001287109,-2.8500537426122614,16726.240445375443,7449.288764297962,7236.980031073093
320,2.5,1.5,5.0,30,2016-11-04,2018-05-06,2018-05-06,2020-11-03,-32.69111651325268,-0.0780186337388189,-45.1646081701807,-0.19461234474977546,9702.415454506874,5320.357531435788,5310.003458894789
775,4.5,4.5,2.5,30,2014-05-07,2018-11-05,2018-11-05,2023-05-05,-17.40799451670255,-0.05326367483350358,-57.72269752962815,-0.23939041201133798,6988.76297993958,2954.6604639664292,2947.587290108204
570,3.5,3.5,5.0,30,2013-11-05,2017-05-06,2017-05-06,2020-11-03,-3.592475310068044,0.2373035061827622,-11.78379172700239,0.8313919360141305,7284.594825461507,6426.19334307313,6479.6201963201165
7,1.0,1.0,2.5,30,2021-05-05,2022-05-05,2022-05-05,2023-05-05,-44.73943558641589,0.251080763229794,-44.73943558641589,0.25108076322980444,19001.38251709938,10500.271225333214,10526.63538646698
764,4.5,4.0,2.5,30,2014-11-06,2018-11-05,2018-11-05,2023-05-05,-25.94351684449436,0.29261882994855437,-70.32498807800857,1.323138666562902,10380.367770761251,3080.375373519957,3121.133011162281
559,3.5,3.5,4.5,30,2014-05-07,2017-11-05,2017-11-05,2021-05-05,-3.6620291451230025,0.3260688887341434,-11.321458218450841,1.1445470872017738,7792.102685406804,6909.923035539687,6989.010358370841
548,3.5,3.0,4.5,30,2014-11-06,2017-11-05,2017-11-05,2021-05-05,-12.043148092305668,0.3510113104871371,-30.98732882160558,1.2324816979063675,16152.237539857626,11147.090581335127,11284.476432599127
632,4.0,2.5,2.5,30,2016-11-05,2019-05-06,2019-05-06,2023-05-05,-41.47659161842605,0.35919783671645167,-73.24531104370814,1.44455128659223,8160.163289666176,2183.226306475699,2214.7641301751137
43,1.0,2.5,5.0,30,2017-05-06,2019-11-04,2019-11-04,2020-11-03,-56.21960135076775,0.4828177545279644,-87.04698255512177,0.4828177545279579,3713.6856184005737,481.0343459993601,483.35686522722244
755,4.5,3.5,3.5,30,2014-05-07,2017-11-05,2017-11-05,2022-05-05,-3.6620291451230025,0.5984051997980799,-11.321458218450841,2.7186452699725923,7792.102685406804,6909.923035539687,7097.779331304133
832,5.0,2.5,3.5,30,2014-11-06,2017-05-06,2017-05-06,2022-05-05,-15.031607220101739,0.821374191027946,-33.5919092044923,4.170223611665485,9722.228197664022,6456.346128851175,6725.590199567378
819,5.0,2.0,2.5,30,2016-05-06,2018-05-06,2018-05-06,2023-05-05,-22.1167765982454,0.8930100804973806,-39.077765243230765,4.542966005031136,14840.234331518412,9041.00239790231,9451.732063353062
821,5.0,2.0,3.5,30,2015-05-07,2017-05-06,2017-05-06,2022-05-05,-16.548558323578565,1.0765700251420318,-29.67828951908622,5.493814889581441,8644.336268424988,6078.845123678446,6412.805622197688
374,2.5,4.5,0.5,30,2018-05-06,2022-11-04,2022-11-04,2025-05-04,-28.53972071601011,1.2056686647378578,-77.82936678815491,0.5895033124489687,7943.51736164093,1761.1280983686447,1771.5100068449974
688,4.0,5.0,3.0,30,2013-11-05,2018-11-04,2018-11-04,2022-11-03,-17.309220129223323,1.2429910905772168,-60.73008294873329,5.061880700574415,6851.541496947408,2690.5946625843644,2826.7893545404077
662,4.0,3.5,5.0,30,2013-05-07,2016-11-04,2016-11-04,2020-11-03,-7.542669845770522,1.2569265043611333,-23.995137969502277,5.123294676950782,6798.242276668549,5166.9946628808975,5431.7150254026055
580,3.5,4.5,4.5,30,2013-05-07,2017-11-05,2017-11-05,2021-05-05,-4.0202468545000425,1.2835772948467827,-15.680658515980122,4.559584561234884,7871.292999744415,6637.022423662245,6939.643073417246
133,1.5,2.5,0.0,30,2021-11-03,2024-05-04,2024-05-04,2025-11-02,-27.30070418175281,1.294779209853636,-55.417587719804786,-1.5835689443702776,20383.75126862526,9087.568028748035,8943.66012364626
878,5.0,4.5,4.5,30,2011-11-07,2016-05-06,2016-05-06,2021-05-05,-27.595394336790648,1.4078478289426766,-76.40181809909602,7.24025279767879,25284.812716662884,5966.756098181009,6398.76432351023
654,4.0,3.0,5.0,30,2013-11-05,2016-11-04,2016-11-04,2020-11-03,-6.323477581363834,1.4993532425379374,-17.796126973048533,6.133649887188394,7515.506317615509,6178.037270665169,6556.97644674778
768,4.5,4.0,4.5,30,2012-11-06,2016-11-05,2016-11-05,2021-05-05,-13.697703602504774,1.5228102092764484,-44.395532103031556,7.026514494626348,8036.817789077759,4468.829767465591,4782.832738816738
744,4.5,3.0,3.5,30,2014-11-06,2017-11-05,2017-11-05,2022-05-05,-12.043148092305668,1.542537228044627,-30.98732882160558,7.124480358934752,16152.237539857626,11147.090581335127,11941.262860395014
889,5.0,5.0,4.5,30,2011-05-08,2016-05-06,2016-05-06,2021-05-05,-30.108560120884487,1.589365937053011,-83.00900572271136,8.203484972368283,33983.14355355501,5774.073976427317,6247.749267376959
700,4.5,1.0,3.5,30,2016-11-05,2017-11-05,2017-11-05,2022-05-05,-25.224667081455955,1.6269979654786715,-23.263897053447547,7.525663525341805,12751.868512749672,9785.286949552596,10521.694720365107
655,4.0,3.5,3.0,30,2015-05-07,2018-11-04,2018-11-04,2022-11-03,-24.934328235057034,1.687927659133459,-62.75120757834804,6.919685066513083,9338.444778442383,3478.4579109326005,3719.1562435403466
855,5.0,3.5,4.0,30,2013-05-07,2016-11-04,2016-11-04,2021-11-03,-7.542669845770522,1.7692968940502096,-23.995137969502277,9.165113418285978,6798.242276668549,5166.9946628808975,5640.555584050715
472,3.0,4.5,0.0,30,2018-05-06,2022-11-03,2022-11-03,2025-11-02,-28.526179507854653,1.7960211591816266,-77.78956051575575,1.951207523138658,7977.3673639297485,1771.808350801468,1806.3800086379051
830,5.0,2.5,2.5,30,2015-11-06,2018-05-06,2018-05-06,2023-05-05,-27.736949829998025,1.864435340754289,-55.36252036861985,9.670779672403809,19898.72925300896,8882.29121721536,9741.278030693531
811,5.0,1.0,5.0,30,2014-11-05,2015-11-05,2015-11-05,2020-11-03,-47.65423805461465,1.9229887008823665,-47.654238054614645,9.991911685645519,3859.8488784730434,2020.4673053771257,2222.35061416775
767,4.5,4.0,4.0,30,2013-05-07,2017-05-06,2017-05-06,2021-11-03,-3.4501199956260886,2.014661314212929,-12.641124290334071,9.376074229061599,7360.698814868927,6430.223729044199,7033.126278974116
741,4.5,2.5,5.0,30,2013-11-05,2016-05-06,2016-05-06,2020-11-03,-8.937225410190052,2.0392314380895282,-20.87813796680143,9.506599968937838,7227.614774420857,5718.623390108347,6262.270039536059
215,2.0,1.5,2.5,30,2019-11-05,2021-05-05,2021-05-05,2023-05-05,-26.387170113947633,2.0570375795126106,-36.8152129979746,4.156389195060469,11418.184760451317,7214.555720388889,7514.42073482275
28,1.0,2.0,3.0,30,2019-11-04,2021-11-03,2021-11-03,2022-11-03,-18.729799888086085,2.1384548348210908,-33.95154573769468,2.138454834821084,12177.566486597061,8043.0944311618805,8215.092372894287
571,3.5,4.0,4.5,30,2013-11-06,2017-11-05,2017-11-05,2021-05-05,-2.39932094808607,2.376095682104018,-8.242563196471842,8.555806452198993,8298.326012089849,7614.331246294081,8265.798690356314
639,4.0,2.5,5.0,30,2014-05-07,2016-11-04,2016-11-04,2020-11-03,-18.261701199092272,2.4379746755064824,-39.57955056195276,10.114353516985021,3665.2007637023926,2214.5307742357254,2438.516245484352
142,1.5,3.0,0.5,30,2020-11-04,2023-11-04,2023-11-04,2025-05-04,-20.60316511500224,2.604713841500339,-49.338209046599864,0.603711006991744,9333.863378286362,4728.702352583408,4757.250049173832
723,4.5,2.0,4.0,30,2015-05-07,2017-05-06,2017-05-06,2021-11-03,-16.548558323578565,2.7876357314893463,-29.67828951908622,13.149374784838017,8644.336268424988,6078.845123678446,6878.175251580775
665,4.0,4.0,2.5,30,2015-05-07,2019-05-06,2019-05-06,2023-05-05,-26.604848880927857,2.889196029847141,-70.98186638621418,12.067347993339347,7980.843989849091,2315.8919724822044,2595.3587159514427
799,5.0,1.0,3.0,30,2016-11-04,2017-11-04,2017-11-04,2022-11-03,-23.60881455087861,2.944980856515511,-23.407244011744794,15.599729131333012,12694.502473473549,9723.069303430617,11239.84177801758
49,1.0,3.0,2.5,30,2019-05-06,2022-05-05,2022-05-05,2023-05-05,-29.292266543759048,2.993936901693184,-64.64907775035542,2.9939369016931847,5977.919693470001,2113.2497429847717,2176.519106864929
795,5.0,1.0,2.0,30,2017-11-04,2018-11-04,2018-11-04,2023-11-03,-65.23574592680241,3.0778341102659645,-63.52465292341671,16.356420703800936,5252.882865905762,1916.0072568655014,2229.3974645137787
344,2.5,2.5,5.0,30,2015-11-05,2018-05-06,2018-05-06,2020-11-03,-27.47162628450234,3.1202847493329466,-54.9924140145961,7.97057647646337,19735.09803457558,8882.29121721536,9590.261031545699
818,5.0,2.0,2.0,30,2016-11-04,2018-11-04,2018-11-04,2023-11-03,-42.480411323619094,3.3969241385465754,-66.42672520912267,18.16758248906091,7884.25657081604,2647.0031237378716,3127.8995997309685
883,5.0,5.0,2.0,30,2013-11-05,2018-11-04,2018-11-04,2023-11-03,-17.309220129223323,3.450074782449275,-60.73008294873329,18.47144520734537,6851.541496947408,2690.5946625843644,3187.5863814353943
241,2.0,3.0,0.0,30,2020-11-03,2023-11-03,2023-11-03,2025-11-02,-20.189974714529658,3.504711830328344,-49.16388596811128,1.7678168954891276,9195.453993082047,4674.611477673054,4757.250049173832
335,2.5,2.0,5.0,30,2016-05-06,2018-05-06,2018-05-06,2020-11-03,-22.1167765982454,3.5087235498068914,-39.077765243230765,8.988539617206968,14840.234331518412,9041.00239790231,9853.656480230391
812,5.0,1.5,3.5,30,2015-11-06,2017-05-06,2017-05-06,2022-05-05,-25.642454168272145,3.7249278078421932,-36.02754178274091,20.040743111388352,18249.882272720337,11674.89831161499,14014.634690761566
851,5.0,3.5,2.0,30,2015-05-07,2018-11-04,2018-11-04,2023-11-03,-24.934328235057034,3.779558787091286,-62.75120757834804,20.369084653993312,9338.444778442383,3478.4579109326005,4186.987947463989
599,4.0,1.0,3.0,30,2017-11-04,2018-11-04,2018-11-04,2022-11-03,-65.23574592680241,4.151323581705757,-63.52465292341671,17.65510535970991,5252.882865905762,1916.0072568655014,2254.2803567647934
761,4.5,3.5,4.0,30,2013-11-05,2017-05-06,2017-05-06,2021-11-03,-3.592475310068044,4.278079780366961,-11.78379172700239,20.710209606538747,7284.594825461507,6426.19334307313,7757.071454145014
722,4.5,2.0,3.5,30,2015-11-06,2017-11-05,2017-11-05,2022-05-05,-25.380516573580934,4.446082321857703,-44.505378737237216,21.600974916025102,17203.249539092183,9546.878176607192,11609.096936799586
807,5.0,1.5,2.0,30,2017-05-06,2018-11-04,2018-11-04,2023-11-03,-53.296229148596,4.4705808921978285,-67.16842221301158,24.427968136034146,8291.312362670898,2722.168667912483,3387.1391627192497
622,4.0,2.0,3.0,30,2016-11-04,2018-11-04,2018-11-04,2022-11-03,-42.480411323619094,4.50352111519885,-66.42672520912267,19.253540421137362,7884.25657081604,2647.0031237378716,3156.6449401155114
633,4.0,2.5,3.0,30,2016-05-06,2018-11-04,2018-11-04,2022-11-03,-32.34268622576367,4.749229367031749,-61.728539342801724,20.378281336583324,8313.127715587616,3181.5554030537605,3829.9017139673233
643,4.0,3.0,2.5,30,2016-05-06,2019-05-06,2019-05-06,2023-05-05,-32.93074489373803,4.761375539808643,-69.83033771015855,20.449435422529422,7441.065479278564,2244.944325864315,2704.0227660536766
30,1.0,2.0,2.5,30,2020-05-05,2022-05-05,2022-05-05,2023-05-05,-0.940877583588251,4.8055900500586946,-1.872902660903504,4.805590050058702,15985.938300468028,15686.53723666817,16440.36790931225
629,4.0,2.0,4.5,30,2015-05-07,2017-05-06,2017-05-06,2021-05-05,-16.548558323578565,4.896350460452714,-29.67828951908622,21.039677721026976,8644.336268424988,6078.845123678446,7357.8145468607545
844,5.0,3.0,4.0,30,2013-11-05,2016-11-04,2016-11-04,2021-11-03,-6.323477581363834,4.960304049378372,-17.796126973048533,27.387085215548986,7515.506317615509,6178.037270665169,7870.021602630615
58,1.0,3.5,0.5,30,2020-11-04,2024-05-04,2024-05-04,2025-05-04,-8.315582583629377,5.010760681675519,-27.477317019891018,2.456595483608988,14775.853191196918,10715.845167458057,10979.090135872364
157,1.5,3.5,0.0,30,2020-11-03,2024-05-04,2024-05-04,2025-11-02,-8.085693553192463,5.010760681675519,-26.856519961818893,2.456595483608988,14650.444799542427,10715.845167458057,10979.090135872364
666,4.0,4.0,3.0,30,2014-11-05,2018-11-04,2018-11-04,2022-11-03,-26.423429462504345,5.145151209080012,-70.32498807800857,22.207343323112944,10380.367770761251,3080.375373519957,3764.4449083581567
316,2.5,1.5,4.0,30,2017-11-04,2019-05-06,2019-05-06,2021-11-03,-57.16448551310489,5.210856261215091,-70.98426837349717,13.53275271671414,6229.950240135193,1807.6656421422958,2052.2925634384155
820,5.0,2.0,3.0,30,2015-11-05,2017-11-04,2017-11-04,2022-11-03,-24.87398216685771,5.320636765734799,-43.77887761842329,29.551969402369426,17375.30969543755,9768.59412804991,12655.406075812876
136,1.5,2.5,2.5,30,2019-05-06,2021-11-04,2021-11-04,2023-05-05,-37.62494987898217,5.3362773193803115,-69.29235847903492,8.102570323654067,5621.477852344513,1726.2232670783997,1866.0917212367058
865,5.0,4.0,3.5,30,2013-05-07,2017-05-06,2017-05-06,2022-05-05,-3.4501199956260886,5.363176136478098,-12.641124290334071,29.813526045079424,7360.698814868927,6430.223729044199,8347.300155259669
21,1.0,1.5,3.5,30,2019-11-05,2021-05-05,2021-05-05,2022-05-05,-26.387170113947633,5.3728365139297685,-36.8152129979746,5.372836513929759,11418.184760451317,7214.555720388889,7602.182004451752
711,4.5,1.5,4.0,30,2015-11-05,2017-05-06,2017-05-06,2021-11-03,-24.604218984006685,5.426164688385793,-34.660734097304754,26.79748897497251,19050.517729759216,12447.468435287476,15783.07741689682
866,5.0,4.0,4.5,30,2012-05-07,2016-05-06,2016-05-06,2021-05-05,-23.79979175267031,5.468168587973499,-66.28488596815863,30.49895189432281,18004.627714544535,6070.280764967203,7921.652775324881
669,4.0,4.0,4.5,30,2013-05-07,2017-05-06,2017-05-06,2021-05-05,-3.4501199956260886,5.521960285020033,-12.641124290334071,23.949133778150795,7360.698814868927,6430.223729044199,7970.206612147391
816,5.0,1.5,5.0,30,2014-05-07,2015-11-05,2015-11-05,2020-11-03,-27.679734931424925,5.568196447878981,-38.47058182761133,31.11896430860568,3347.953381538391,2059.976236343384,2701.01950609684
41,1.0,2.5,2.5,30,2019-11-05,2022-05-05,2022-05-05,2023-05-05,-14.980332080819547,5.598484813956683,-33.33543347368841,5.598484813956678,15779.231566667557,10519.156325101852,11108.069694519043
677,4.0,4.5,3.0,30,2014-05-07,2018-11-04,2018-11-04,2022-11-03,-17.79665918452029,5.657319623499113,-57.96819554259884,24.604256429095482,6900.51405377686,2900.4105736389756,3614.0350286737084
733,4.5,2.5,3.5,30,2015-05-07,2017-11-05,2017-11-05,2022-05-05,-12.823898783777354,5.68207571643482,-29.413090739779314,28.2057107452637,11901.292573928833,8400.754589952528,10770.247130014002
610,4.0,1.5,3.0,30,2017-05-06,2018-11-04,2018-11-04,2022-11-03,-53.296229148596,5.6895440999142455,-67.16842221301158,24.75623420441627,8291.312362670898,2722.168667912483,3396.075118780136
175,1.5,4.5,0.5,30,2019-05-06,2023-11-04,2023-11-04,2025-05-04,-25.362595254769104,5.733556069077195,-72.82134372086813,5.211757762324668,5561.783909082413,1511.6181316375732,1590.4000069499016
557,3.5,3.5,3.5,30,2015-05-07,2018-11-05,2018-11-05,2022-05-05,-24.60348307705931,5.882606695820991,-62.79841191748484,22.13838680307386,9300.42308998108,3459.905087865889,4225.872259236872
614,4.0,1.5,4.5,30,2015-11-06,2017-05-06,2017-05-06,2021-05-05,-25.642454168272145,5.896125367785565,-36.02754178274091,25.714088506153704,18249.882272720337,11674.89831161499,14676.991996467113
676,4.0,4.5,2.5,30,2014-11-06,2019-05-06,2019-05-06,2023-05-05,-26.98118096879927,5.946057928184967,-76.06558139928765,25.99090861455028,9919.177127450705,2374.0973754301667,2991.146854698658
600,4.0,1.0,4.0,30,2016-11-04,2017-11-04,2017-11-04,2021-11-03,-23.60881455087861,5.961641256911232,-23.407244011744794,26.02505776392866,12694.502473473549,9723.069303430617,12253.503706075251
236,2.0,2.5,2.5,30,2018-11-05,2021-05-05,2021-05-05,2023-05-05,-42.27028330340894,5.988644842322843,-74.65890274204286,12.335928355120501,3664.411165714264,928.6019974350929,1043.153674542904
829,5.0,2.5,2.0,30,2016-05-06,2018-11-04,2018-11-04,2023-11-03,-32.34268622576367,6.055280452331657,-61.728539342801724,34.150264176637734,8313.127715587616,3181.5554030537605,4268.064978122711
721,4.5,2.0,3.0,30,2016-05-06,2018-05-06,2018-05-06,2022-11-03,-22.1167765982454,6.058712272071731,-39.077765243230765,30.27275237736342,14840.234331518412,9041.00239790231,11777.962666250765
296,2.5,1.0,0.5,30,2021-11-04,2022-11-04,2022-11-04,2025-05-04,-54.061603996490824,6.253465920191759,-54.061603996490824,11.737212353611202,16933.33752346039,7778.903648138046,8691.930088102818
720,4.5,2.0,2.0,30,2017-05-06,2019-05-06,2019-05-06,2023-11-03,-49.489046310708154,6.320400247916913,-74.21214465566844,31.746246778111136,8031.069646835327,2071.040623128414,2728.518290221691
725,4.5,2.0,5.0,30,2014-05-07,2016-05-06,2016-05-06,2020-11-03,-24.282421183225168,6.445534902625294,-42.66848258125492,32.44524110147251,3455.358359530568,1981.009379774332,2623.7526492848992
504,3.5,1.0,4.5,30,2016-11-05,2017-11-05,2017-11-05,2021-05-05,-25.25186186148547,6.605898111038888,-23.776938700045516,25.060496053761934,12309.118512749672,9382.386949457228,11733.659660674632
862,5.0,4.0,2.0,30,2014-11-05,2018-11-04,2018-11-04,2023-11-03,-26.423429462504345,6.718995354390067,-70.32498807800857,38.39846275204694,10380.367770761251,3080.375373519957,4263.192163944244
187,1.5,5.0,0.5,30,2018-11-05,2023-11-04,2023-11-04,2025-05-04,-24.406429483459203,6.738491820079795,-75.0065443588661,6.435256250901309,6120.289005279541,1529.6717176437378,1628.1100124716759
274,2.0,4.5,0.0,30,2019-05-06,2023-11-03,2023-11-03,2025-11-02,-25.362595254769104,6.783735947376601,-73.17878689309323,6.6139025609229005,5561.783909082413,1491.737914800644,1590.4000069499016
13,1.0,1.5,1.0,30,2022-05-05,2023-11-03,2023-11-03,2024-11-02,-52.96901933994267,6.880002291538023,-67.7132121014369,6.860520708060058,6750.955763697624,2179.666768550873,2329.203258574009
524,3.5,2.0,3.0,30,2017-05-06,2019-05-06,2019-05-06,2022-11-03,-49.489046310708154,6.928844453229321,-74.21214465566844,26.413134904969134,8031.069646835327,2071.040623128414,2618.0673768520355
809,5.0,1.5,4.0,30,2015-05-07,2016-11-04,2016-11-04,2021-11-03,-29.776875427304226,6.931713900504466,-41.12505351848183,39.808198208269516,7677.042097091675,4519.854426026344,6319.127034664154
835,5.0,2.5,5.0,30,2013-05-07,2015-11-05,2015-11-05,2020-11-03,-18.87983720089498,6.960085620733403,-40.71476919037473,39.99377012045352,1984.8143935203552,1176.7017943412066,1647.3092049732804
756,4.5,3.5,4.5,30,2013-05-07,2016-11-05,2016-11-05,2021-05-05,-7.542669845770522,6.997512924103133,-23.60935613709437,35.51282022618952,6798.242276668549,5193.221046507359,7037.480300702155
873,5.0,4.5,2.0,30,2014-05-07,2018-11-04,2018-11-04,2023-11-03,-17.79665918452029,7.092126539833488,-57.96819554259884,40.833568872552874,6900.51405377686,2900.4105736389756,4084.7517228126526
831,5.0,2.5,3.0,30,2015-05-07,2017-11-04,2017-11-04,2022-11-03,-12.823898783777354,7.094574889447736,-29.413090739779314,40.82321232808428,11901.292573928833,8400.754589952528,11830.212473370135
653,4.0,3.5,2.5,30,2015-11-06,2019-05-06,2019-05-06,2023-05-05,-34.821074484012456,7.145253484508629,-77.63186184758773,31.79281871529806,10785.402820587158,2412.493803203106,3179.493584573269
199,2.0,1.0,0.5,30,2022-05-05,2023-05-05,2023-05-05,2025-05-04,-68.15716505971909,7.2129008140246365,-68.15716505971909,10.942403746761563,5907.090313911438,1880.9850184321404,2086.8099935650826
295,2.5,1.0,0.0,30,2022-05-05,2023-05-05,2023-05-05,2025-11-02,-68.15716505971909,7.2129008140246365,-68.15716505971909,10.942403746761563,5907.090313911438,1880.9850184321404,2086.8099935650826
732,4.5,2.5,3.0,30,2015-11-05,2018-05-06,2018-05-06,2022-11-03,-27.47162628450234,7.213583098267562,-54.9924140145961,36.772829895071354,19735.09803457558,8882.29121721536,12148.561057306826
701,4.5,1.0,4.5,30,2015-11-06,2016-11-05,2016-11-05,2021-05-05,-33.657651916562905,7.341723788089438,-32.24552363028479,37.48262010670966,18598.0010137558,12600.978202104568,17324.154991328716
608,4.0,1.5,2.5,30,2017-11-05,2019-05-06,2019-05-06,2023-05-05,-57.16448551310489,7.415946930857609,-70.98426837349717,33.129728210466595,6229.950240135193,1807.6656421422958,2406.540356338024
427,3.0,2.0,4.0,30,2016-11-04,2018-11-04,2018-11-04,2021-11-03,-42.480411323619094,7.416201084915763,-66.42672520912267,23.91510352185466,7884.25657081604,2647.0031237378716,3280.0366610065103
854,5.0,3.5,3.5,30,2013-11-06,2017-05-06,2017-05-06,2022-05-05,-3.632105919948414,7.460362183395941,-11.919001615395434,43.24196706854058,7366.818971350789,6488.767699152231,9294.638490773737
657,4.0,3.5,4.5,30,2013-11-06,2017-05-06,2017-05-06,2021-05-05,-3.632105919948414,7.462200985370049,-11.919001615395434,33.30660281226892,7366.818971350789,6488.767699152231,8649.955784119666
459,3.0,3.5,4.0,30,2015-05-07,2018-11-04,2018-11-04,2021-11-03,-24.934328235057034,7.489894880025538,-62.75120757834804,24.17008424260759,9338.444778442383,3478.4579109326005,4319.204118348658
203,2.0,1.0,2.0,30,2020-11-03,2021-11-03,2021-11-03,2023-11-03,-8.518887615904447,7.531184787502676,-8.518887615904445,15.62955701804047,18915.315890409052,17303.94138751179,20008.47077304125
858,5.0,3.5,4.5,30,2012-11-06,2016-05-06,2016-05-06,2021-05-05,-15.506873584814397,7.603733181517125,-44.540611678660554,44.25693300424093,8302.320707142353,4604.416280657053,6642.189709223807
286,2.0,5.0,0.0,30,2018-11-04,2023-11-03,2023-11-03,2025-11-02,-24.406429483459203,7.661645053319854,-75.1971121508898,7.684849169385758,6095.746437072754,1511.9211523532867,1628.1100124716759
547,3.5,3.0,4.0,30,2015-05-07,2018-05-06,2018-05-06,2021-11-03,-19.253944026651137,7.798939055203058,-47.82582768101875,30.021948765611818,7741.706480026245,4039.1712793186307,5251.809211350977
635,4.0,2.5,4.0,30,2015-05-07,2017-11-04,2017-11-04,2021-11-03,-12.823898783777354,7.883413482214885,-29.413090739779314,35.40607316362657,11901.292573928833,8400.754589952528,11375.131906367838
537,3.5,2.5,4.5,30,2015-05-07,2017-11-05,2017-11-05,2021-05-05,-12.823898783777354,8.01497614313924,-29.413090739779314,30.935166202934155,11901.292573928833,8400.754589952528,10999.541984654963
395,3.0,1.0,0.0,30,2021-11-03,2022-11-03,2022-11-03,2025-11-02,-54.67617830163791,8.200863988604645,-54.67617830163791,16.500095707913648,15869.31016254425,7192.577842831612,8379.360070765018
623,4.0,2.0,3.5,30,2016-05-06,2018-05-06,2018-05-06,2022-05-05,-22.1167765982454,8.264276553389305,-39.077765243230765,37.3555564991873,14840.234331518412,9041.00239790231,12418.319156743586
730,4.5,2.5,2.0,30,2016-11-04,2019-05-06,2019-05-06,2023-11-03,-40.903583287806775,8.280361014616444,-73.1718984800718,43.029723628192315,8245.32932817936,2212.065322816372,3163.910917699337
20,1.0,1.5,5.0,30,2018-05-06,2019-11-04,2019-11-04,2020-11-03,-69.85283324704163,8.2946178947793,-83.16322777493426,8.294617894779293,3194.027445077896,537.7711257338524,582.3771857619286
481,3.0,4.5,4.0,30,2014-05-07,2018-11-04,2018-11-04,2021-11-03,-17.79665918452029,8.366890398192828,-57.96819554259884,27.231376879786296,6900.51405377686,2900.4105736389756,3690.2323080077767
528,3.5,2.0,4.5,30,2015-11-06,2017-11-05,2017-11-05,2021-05-05,-25.380516573580934,8.547328498109552,-44.505378737237216,33.20502476513113,17203.249539092183,9546.878176607192,12716.921439446509
535,3.5,2.5,3.5,30,2016-05-06,2018-11-05,2018-11-05,2022-05-05,-31.824977713928003,8.547631329907123,-61.643823280963325,33.23625998516775,8393.20462846756,3219.312399685383,4289.291438579559
471,3.0,4.0,4.5,30,2014-05-07,2018-05-06,2018-05-06,2021-05-05,-9.144474024930638,8.557853750328693,-31.82992165173865,27.90456453018387,8334.546146824956,5681.66663826257,7267.110971726477
746,4.5,3.0,4.5,30,2013-11-06,2016-11-05,2016-11-05,2021-05-05,-7.172379825706566,8.584670530676197,-19.598263751860948,44.781589709293954,6820.680748462677,5483.945745706558,7939.74382942915
624,4.0,2.0,4.0,30,2015-11-05,2017-11-04,2017-11-04,2021-11-03,-24.87398216685771,8.589091878316557,-43.77887761842329,38.978850702041406,17375.30969543755,9768.59412804991,13576.279848910868
634,4.0,2.5,3.5,30,2015-11-06,2018-05-06,2018-05-06,2022-05-05,-27.736949829998025,8.621750297634456,-55.36252036861985,39.17742087127634,19898.72925300896,8882.29121721536,12362.143830396235
834,5.0,2.5,4.5,30,2013-11-06,2016-05-06,2016-05-06,2021-05-05,-9.110677825228851,8.623468592139606,-21.23396335002955,51.223168510762086,7169.557231143117,5647.176076322794,8539.838593997061
578,3.5,4.5,3.5,30,2014-05-07,2018-11-05,2018-11-05,2022-05-05,-17.40799451670255,8.674421462183336,-57.72269752962815,33.78153956290551,6988.76297993958,2954.6604639664292,3952.790257550776
37,1.0,2.5,3.5,30,2018-11-05,2021-05-05,2021-05-05,2022-05-05,-42.27028330340894,8.694964990026243,-74.65890274204286,8.694964990026232,3664.411165714264,928.6019974350929,1009.3436160087585
117,1.5,1.5,3.0,30,2019-11-04,2021-05-05,2021-05-05,2022-11-03,-26.561696594546003,8.712724794761218,-37.092810158729336,13.336780713129947,11520.266157269478,7247.075701773167,8213.602296233177
715,4.5,1.5,4.5,30,2015-05-07,2016-11-05,2016-11-05,2021-05-05,-29.776875427304226,8.788685581718747,-40.80210049930702,46.00785113437465,7677.042097091675,4544.647665262222,6635.542397677898
179,1.5,4.5,0.0,30,2019-11-04,2024-05-04,2024-05-04,2025-11-02,-5.279703880047659,8.87451502299017,-22.70565611680099,14.560030574800638,14076.342622995377,10880.216673195362,12464.379547417164
415,3.0,1.5,4.0,30,2017-05-06,2018-11-04,2018-11-04,2021-11-03,-53.296229148596,8.899046658098753,-67.16842221301158,29.113245355889855,8291.312362670898,2722.168667912483,3514.680311203003
79,1.0,4.5,0.5,30,2019-11-05,2024-05-04,2024-05-04,2025-05-04,-5.194213145970972,8.915350204514215,-22.37787660004549,14.611113344496934,14012.070524215698,10876.466673195362,12465.639546692371
534,3.5,2.5,3.0,30,2016-11-04,2019-05-06,2019-05-06,2022-11-03,-40.903583287806775,8.946725430300596,-73.1718984800718,34.95800708012034,8245.32932817936,2212.065322816372,2985.359274983406
801,5.0,1.0,4.5,30,2015-05-07,2016-05-06,2016-05-06,2021-05-05,-36.53587079329981,8.995881225662306,-36.5358707932998,53.83332775628911,6075.0985469818115,3855.508391290903,5931.056860245764
590,3.5,5.0,3.5,30,2013-11-06,2018-11-05,2018-11-05,2022-05-05,-17.135241772402733,9.095076703528804,-60.9294668273598,35.60204653094594,6886.506131604314,2690.5946625843644,3648.5014263167977
567,3.5,4.0,3.5,30,2014-11-06,2018-11-05,2018-11-05,2022-05-05,-25.94351684449436,9.169382829312301,-70.32498807800857,35.92545639656654,10380.367770761251,3080.375373519957,4187.014285184443
460,3.0,3.5,4.5,30,2014-11-06,2018-05-06,2018-05-06,2021-05-05,-18.875630464588124,9.401203415185421,-52.19323618991724,30.905950358921164,11504.713954538107,5500.031427271664,7199.868409909308
470,3.0,4.0,4.0,30,2014-11-05,2018-11-04,2018-11-04,2021-11-03,-26.423429462504345,9.442464030297138,-70.32498807800857,31.053984198498974,10380.367770761251,3080.375373519957,4036.954655267298
491,3.0,5.0,4.0,30,2013-11-05,2018-11-04,2018-11-04,2021-11-03,-17.309220129223323,9.665373386127118,-60.73008294873329,31.855662570991345,6851.541496947408,2690.5946625843644,3547.7014194503427
483,3.0,5.0,0.0,30,2017-11-04,2022-11-03,2022-11-03,2025-11-02,-28.608851766132627,9.702133816516767,-81.12642009279537,20.222160154145445,8731.997836112976,1648.040589094162,1981.3099964261055
743,4.5,3.0,2.5,30,2015-11-06,2018-11-05,2018-11-05,2023-05-05,-31.6510485539936,9.707287507616469,-68.07024625594089,51.70661947267704,18772.037390232086,5993.865311443806,9093.090439736843
112,1.5,1.5,2.0,30,2020-11-03,2022-05-05,2022-05-05,2023-11-03,-12.375344917031017,9.740725939419148,-17.991118609409096,14.94668334679752,20880.07271027565,17123.514063239098,19682.911488115788
523,3.5,2.0,4.0,30,2016-05-06,2018-05-06,2018-05-06,2021-11-03,-22.1167765982454,9.763825338245248,-39.077765243230765,38.49721755250793,14840.234331518412,9041.00239790231,12521.53675995022
148,1.5,3.0,2.5,30,2018-11-05,2021-11-04,2021-11-04,2023-05-05,-38.09000748007721,9.777929231413317,-76.27084601389889,15.005087153087274,5225.452175140381,1239.9555931091309,1426.0120105147362
808,5.0,1.5,3.0,30,2016-05-06,2017-11-04,2017-11-04,2022-11-03,-17.672935797301836,9.817920138006265,-25.704419136991763,59.64054597348291,10071.287864118814,7482.521819032729,11945.138684488833
496,3.0,5.0,4.5,30,2013-05-07,2018-05-06,2018-05-06,2021-05-05,-10.080002310960957,9.842198404620216,-40.85732579196751,32.49392097913185,7314.384330272675,4325.922494776547,5731.584331847727
385,2.5,5.0,0.5,30,2017-11-05,2022-11-04,2022-11-04,2025-05-04,-28.602912802769964,9.878577282222922,-81.14139657465967,20.6612861012974,8762.281107902527,1652.443845152855,1993.859995663166
626,4.0,2.5,0.0,30,2019-05-06,2021-11-03,2021-11-03,2025-11-02,-38.251693544225596,9.96914066652641,-70.01877026801647,34.995544167422835,5554.152174472809,1665.2031230926514,2247.9500175118446
178,1.5,4.5,1.5,30,2018-05-06,2022-11-04,2022-11-04,2024-05-04,-28.53972071601011,9.979514822012337,-77.82936678815491,15.291668584004556,7943.51736164093,1761.1280983686447,2030.4339705109596
536,3.5,2.5,4.0,30,2015-11-05,2018-05-06,2018-05-06,2021-11-03,-27.47162628450234,10.041149565890706,-54.9924140145961,39.72436382713703,19735.09803457558,8882.29121721536,12410.724896527827
514,3.5,1.5,3.5,30,2017-05-06,2018-11-05,2018-11-05,2022-05-05,-52.845908804120235,10.077293654272236,-67.29187388269499,39.92167070742758,8181.661827087402,2676.0682688951492,3744.3994311094284
482,3.0,4.5,4.5,30,2013-11-06,2018-05-06,2018-05-06,2021-05-05,-9.556848621072533,10.14751983487001,-36.478621387928804,33.60083388227114,7625.063236668706,4843.545287974179,6471.016894198954
226,2.0,2.0,2.0,30,2019-11-04,2021-11-03,2021-11-03,2023-11-03,-18.729799888086085,10.170358903777421,-33.95154573769468,21.3750798098713,12177.566486597061,8043.0944311618805,9762.312285006046
403,3.0,1.0,4.5,30,2017-05-06,2018-05-06,2018-05-06,2021-05-05,-46.12946348401723,10.258997238275903,-45.80708976037361,34.006514827812055,9393.862095832825,5090.807253628969,6822.013377189636
525,3.5,2.0,3.5,30,2016-11-05,2018-11-05,2018-11-05,2022-05-05,-42.19045920035903,10.403322908042334,-65.88645592565469,41.376956342323155,8370.423522949219,2855.44811771065,4036.9456387534738
495,3.5,1.0,0.5,30,2020-11-04,2021-11-04,2021-11-04,2025-05-04,-10.18371360731729,10.436075398864485,-10.183713607317285,43.550524075666786,17611.216534473002,15817.740679837763,22706.449642837048
212,2.0,1.5,2.0,30,2020-05-05,2021-11-03,2021-11-03,2023-11-03,5.319063731555218,10.599554379251575,8.076097137047531,22.32261428889028,12797.80904827267,13831.372538425028,16918.89648103714
519,3.5,2.0,0.5,30,2019-11-05,2021-11-04,2021-11-04,2025-05-04,-17.51194266536936,10.774965133827163,-31.95720397158689,49.98888140054816,12548.258490800858,8538.185930013657,12806.329568326473
436,3.0,2.5,4.0,30,2016-05-06,2018-11-04,2018-11-04,2021-11-03,-32.34268622576367,10.837698813864872,-61.728539342801724,36.1256824159679,8313.127715587616,3181.5554030537605,4330.9140038490295
269,2.0,4.0,2.5,30,2017-05-06,2021-05-05,2021-05-05,2023-05-05,-36.75410968201768,10.892271150800559,-83.87092376352304,22.97095800982673,3654.417149543762,589.4237280488014,724.8200051188469
763,4.5,4.0,2.0,30,2015-05-07,2019-05-06,2019-05-06,2023-11-03,-26.604848880927857,11.039471495182319,-70.98186638621418,60.171756932063104,7980.843989849091,2315.8919724822044,3709.404860973358
615,4.0,2.0,0.0,30,2019-11-04,2021-11-03,2021-11-03,2025-11-02,-18.729799888086085,11.069846611675738,-33.95154573769468,52.07430017866589,12177.566486597061,8043.0944311618805,12231.479568898678
101,1.5,1.0,1.5,30,2021-11-04,2022-11-04,2022-11-04,2024-05-04,-54.061603996490824,11.103392283699698,-54.061603996490824,17.058527968320288,16933.33752346039,7778.903648138046,9105.870102584362
800,5.0,1.0,4.0,30,2015-11-05,2016-11-04,2016-11-04,2021-11-03,-34.35676100464241,11.109665418689119,-34.35676100464241,69.33986105334712,16920.59923171997,11107.22939312458,18808.966821193695
747,4.5,3.0,5.0,30,2013-05-07,2016-05-06,2016-05-06,2020-11-03,-17.12753216650703,11.181927948767223,-43.08446595105219,61.098257279682635,2308.1550397872925,1313.6987675726414,2116.345820464194
406,3.0,1.5,0.5,30,2020-11-04,2022-05-05,2022-05-05,2025-05-04,-13.919586061966028,11.438421967722645,-20.11859548853954,40.3121624270612,19364.405465841293,15468.559061408043,21704.269715368748
2,1.0,1.0,1.0,30,2022-11-03,2023-11-03,2023-11-03,2024-11-02,-38.611136141507394,11.509338543544501,-38.6111361415074,11.476062354474873,14201.303448796272,8718.018840312958,9718.50411850214
298,2.5,1.0,1.5,30,2020-11-04,2021-11-04,2021-11-04,2024-05-04,-10.18371360731729,11.567980891731233,-10.183713607317285,31.41761026351897,17611.216534473002,15817.740679837763,20787.296799123287
556,3.5,3.5,3.0,30,2015-11-05,2019-05-06,2019-05-06,2022-11-03,-33.35086269492725,11.734393940983834,-75.84319542818338,47.43074578855912,11539.034854412079,2787.4620992541313,4109.576161503792
565,3.5,4.0,2.5,30,2015-11-06,2019-11-05,2019-11-05,2023-05-05,-36.09095602643715,11.807945295454836,-83.3179551817264,47.77056429027466,10018.652868747711,1671.3161617517471,2469.7133232951164
577,3.5,4.5,3.0,30,2014-11-05,2019-05-06,2019-05-06,2022-11-03,-27.263002925000446,11.958155968824325,-76.1378387052662,48.46629775940638,9876.44525489211,2356.733296908438,3498.9546739831567
593,4.0,1.0,0.0,30,2020-11-03,2021-11-03,2021-11-03,2025-11-02,-8.518887615904447,11.973699097835322,-8.518887615904445,49.55245809814347,18915.315890409052,17303.94138751179,25878.469692885876
566,3.5,4.0,3.0,30,2015-05-07,2019-05-06,2019-05-06,2022-11-03,-26.604848880927857,11.996075588654831,-70.98186638621418,48.642299882821824,7980.843989849091,2315.8919724822044,3442.395090699196
712,4.5,1.5,3.5,30,2016-05-06,2017-11-05,2017-11-05,2022-05-05,-17.672935797301836,12.041981821354142,-25.704419136991763,66.72878477421152,10071.287864118814,7482.521819032729,12475.517699338496
137,1.5,2.5,3.0,30,2018-11-04,2021-05-05,2021-05-05,2022-11-03,-42.27028330340894,12.118868920195446,-74.65701600102648,18.699805890292005,3664.1383566856384,928.6019974350929,1102.2487684488297
687,4.0,5.0,2.5,30,2014-05-07,2019-05-06,2019-05-06,2023-05-05,-19.36773420183909,12.138672899882685,-65.91648952815578,58.13268629435151,6932.786448910832,2362.936995305121,3736.5757461190224
612,4.0,1.0,4.5,30,2016-05-06,2017-05-06,2017-05-06,2021-05-05,-16.672142424972357,12.15511290194251,-16.96424331372327,58.12601502822024,11978.16563987732,9946.160476207733,15727.467209339142
740,4.5,3.0,2.0,30,2016-05-06,2019-05-06,2019-05-06,2023-11-03,-32.93074489373803,12.265441619991456,-69.83033771015855,68.28235096570103,7441.065479278564,2244.944325864315,3777.8450894355774
527,3.5,2.5,0.5,30,2019-05-06,2021-11-04,2021-11-04,2025-05-04,-37.62494987898217,12.550096968651147,-69.29235847903492,46.44397741153549,5621.477852344513,1726.2232670783997,2527.9500113129616
774,4.5,4.5,2.0,30,2014-11-05,2019-05-06,2019-05-06,2023-11-03,-27.263002925000446,12.568152816042089,-76.1378387052662,70.33327472132245,9876.44525489211,2356.733296908438,4014.30100107193
164,1.5,4.0,0.5,30,2019-11-05,2023-11-04,2023-11-04,2025-05-04,-8.835776626457637,12.63976253776502,-30.63887446313022,25.8756508336025,12037.324357032776,8349.223658561707,10509.639619767666
158,1.5,3.5,2.5,30,2018-05-06,2021-11-04,2021-11-04,2023-05-05,-45.871534917909294,12.641161538555945,-88.2941839110489,19.529433808530875,5698.239772796631,667.0254681110382,797.2917653918266
817,5.0,2.0,1.5,30,2017-05-06,2019-05-06,2019-05-06,2024-05-04,-49.489046310708154,12.696507882635766,-74.21214465566844,81.72307355548033,8031.069646835327,2071.040623128414,3763.558674931526
263,2.0,4.0,0.0,30,2019-11-04,2023-11-03,2023-11-03,2025-11-02,-8.94047364597741,12.897474322573533,-31.24543352998444,26.37176308793108,12095.845515489578,8316.446145057678,10509.639619767666
306,2.5,1.5,0.0,30,2021-11-03,2023-05-05,2023-05-05,2025-11-02,-49.61485571648044,12.951920914101134,-64.26893548833661,20.208387573548936,14883.403049468994,5317.9983451366425,6392.680061876774
752,4.5,3.5,2.0,30,2015-11-05,2019-05-06,2019-05-06,2023-11-03,-33.35086269492725,12.963154631277728,-75.84319542818338,73.03865794362268,11539.034854412079,2787.4620992541313,4823.387007236481
515,3.5,1.5,4.5,30,2016-05-06,2017-11-05,2017-11-05,2021-05-05,-17.672935797301836,13.016177816207698,-25.704419136991763,53.38177807806799,10071.287864118814,7482.521819032729,11476.825011111796
637,4.0,3.0,0.0,30,2018-11-04,2021-11-03,2021-11-03,2025-11-02,-38.85416338026254,13.080332866341227,-77.12621243010808,47.518630274527396,5154.861644268036,1179.1121020317078,1739.4100223183632
613,4.0,1.5,4.0,30,2016-05-06,2017-11-04,2017-11-04,2021-11-03,-17.672935797301836,13.12974813213723,-25.704419136991763,63.686819134974215,10071.287864118814,7482.521819032729,12247.901956655085
545,3.5,3.0,3.0,30,2016-05-06,2019-05-06,2019-05-06,2022-11-03,-32.93074489373803,13.152795334463875,-69.83033771015855,54.0830942833821,7441.065479278564,2244.944325864315,3459.0796822309494
103,1.5,1.0,2.0,30,2021-05-05,2022-05-05,2022-05-05,2023-11-03,-44.73943558641589,13.18106377577588,-44.73943558641589,20.38905197913045,19001.38251709938,10500.271225333214,12641.17698341608
505,3.5,1.5,0.0,30,2020-11-03,2022-05-05,2022-05-05,2025-11-02,-12.375344917031017,13.228154912895661,-17.991118609409096,45.88786900464468,20880.07271027565,17123.514063239098,24981.129765570164
707,4.5,1.5,2.0,30,2017-11-04,2019-05-06,2019-05-06,2023-11-03,-57.16448551310489,13.484986472840621,-70.98426837349717,76.66380818631332,6229.950240135193,1807.6656421422958,3193.4909626841545
840,5.0,3.0,2.0,30,2015-11-05,2018-11-04,2018-11-04,2023-11-03,-31.806070830993193,13.566038674829993,-67.8554758766296,88.83870820742757,18624.44316291809,5986.738625347614,11305.279883861542
414,3.0,1.5,4.5,30,2016-11-05,2018-05-06,2018-05-06,2021-05-05,-33.948121904892815,13.784856029967862,-44.83447310587954,47.26506619957445,9571.276050209999,5280.044863589108,7775.66156373173
211,2.0,1.5,1.5,30,2020-11-04,2022-05-05,2022-05-05,2024-05-04,-13.919586061966028,13.884393674908502,-20.11859548853954,29.650361308863182,19364.405465841293,15468.559061408043,20055.042712390423
828,5.0,2.5,1.5,30,2016-11-05,2019-05-06,2019-05-06,2024-05-04,-41.47659161842605,14.111261527117103,-73.24531104370814,93.41291425301252,8160.163289666176,2183.226306475699,4222.641624093056
209,2.0,1.5,0.5,30,2021-11-04,2023-05-05,2023-05-05,2025-05-04,-50.57432753093414,14.208201126714126,-65.2185147560734,22.487663336551595,14556.430091381073,5062.942584276199,6201.480067551136
438,3.0,2.5,4.5,30,2015-11-06,2018-05-06,2018-05-06,2021-05-05,-27.736949829998025,14.23567591840731,-55.36252036861985,49.020805357053135,19898.72925300896,8882.29121721536,13236.461906053126
425,3.0,2.0,4.5,30,2016-05-06,2018-05-06,2018-05-06,2021-05-05,-22.1167765982454,14.274601056652303,-39.077765243230765,49.173051936425054,14840.234331518412,9041.00239790231,13486.739202596247
168,1.5,4.0,1.5,30,2018-11-05,2022-11-04,2022-11-04,2024-05-04,-23.311748101321406,14.370649678143232,-65.41280418002496,22.24531759205571,7426.269941806793,2568.538526892662,3139.918079674244
396,3.0,1.0,0.5,30,2021-05-05,2022-05-05,2022-05-05,2025-05-04,-44.73943558641589,14.453081330996698,-44.73943558641589,44.49883982631287,19001.38251709938,10500.271225333214,15172.77009922266
493,3.5,1.0,0.0,30,2021-05-05,2022-05-05,2022-05-05,2025-11-02,-44.73943558641589,14.453081330996698,-44.73943558641589,44.49883982631287,19001.38251709938,10500.271225333214,15172.77009922266
153,1.5,3.5,0.5,30,2020-05-05,2023-11-04,2023-11-04,2025-05-04,1.1639120976208117,14.650379639707944,4.6886618432143115,27.689800250910444,9265.530671358109,9699.960072517395,12385.85964101553
506,3.5,1.5,0.5,30,2020-05-05,2021-11-04,2021-11-04,2025-05-04,6.110422682041183,14.840181240814697,9.31313553271947,62.55759243635236,12931.695739604533,14136.042090512812,22979.20968812704
843,5.0,3.0,3.5,30,2014-05-07,2017-05-06,2017-05-06,2022-05-05,-9.47463670730201,14.869806534183772,-25.450207346617148,99.8478833251566,4587.715455248952,3420.1323594152927,6835.0621272102
216,2.0,1.0,4.5,30,2018-05-06,2019-05-06,2019-05-06,2021-05-05,-66.83869882378222,14.913200232952196,-66.75504881198508,32.05043587778564,4436.389305353165,1474.875459074974,1947.5794723629951
501,3.5,1.0,3.5,30,2017-11-05,2018-11-05,2018-11-05,2022-05-05,-64.96966843095218,14.924740133416714,-63.52465292341671,62.691400659668226,5252.882865905762,1916.0072568655014,3117.1790429353714
252,2.0,3.5,0.0,30,2020-05-05,2023-11-03,2023-11-03,2025-11-02,1.1639120976208117,15.024343836106112,4.131654802043866,28.37282135492164,9265.530671358109,9648.350414276123,12385.85964101553
706,4.5,1.0,4.0,30,2016-05-06,2017-05-06,2017-05-06,2021-11-03,-16.672142424972357,15.154288626927892,-16.96424331372327,88.51278030502601,11978.16563987732,9946.160476207733,18749.783647298813
69,1.0,4.0,0.5,30,2020-05-05,2024-05-04,2024-05-04,2025-05-04,7.235091529998594,15.17877535990706,30.69626064872256,13.587964335609254,33195.786809682846,43385.65205317736,49280.87898093462
166,1.5,4.0,0.0,30,2020-05-05,2024-05-04,2024-05-04,2025-11-02,7.235091529998594,15.17877535990706,30.69626064872256,13.587964335609254,33195.786809682846,43385.65205317736,49280.87898093462
604,4.0,1.5,0.0,30,2020-05-05,2021-11-03,2021-11-03,2025-11-02,5.319063731555218,15.191289833157562,8.076097137047531,64.31550538447281,12797.80904827267,13831.372538425028,22727.089688122272
549,3.5,3.5,0.0,30,2018-11-04,2022-05-05,2022-05-05,2025-11-02,-27.47198047655022,15.279548642305784,-67.39139535297937,45.17476867705161,5679.97536277771,1852.1607100963593,2688.870026409626
451,3.0,3.5,0.5,30,2018-11-05,2022-05-05,2022-05-05,2025-05-04,-27.47198047655022,15.279548642305784,-67.49415552828277,45.17476867705161,5697.931372642517,1852.1607100963593,2688.870026409626
745,4.5,3.0,4.0,30,2014-05-07,2017-05-06,2017-05-06,2021-11-03,-9.47463670730201,15.397208146489438,-25.450207346617148,90.30616748411572,4587.715455248952,3420.1323594152927,6508.722816087306
603,4.0,1.5,0.5,30,2019-11-05,2021-05-05,2021-05-05,2025-05-04,-26.387170113947633,15.585560009181766,-36.8152129979746,83.41502984748232,11418.184760451317,7214.555720388889,13232.579527914524
265,2.0,4.0,1.0,30,2018-11-04,2022-11-03,2022-11-03,2024-11-02,-23.358445653850712,15.650790707779771,-65.38183153790915,33.697782121404146,7406.966775894165,2564.156236410141,3428.220018208027
17,1.0,1.5,2.0,30,2021-05-05,2022-11-03,2022-11-03,2023-11-03,-37.02506336909126,15.710368077149228,-49.99346977769494,15.710368077149214,19135.34948372841,9568.924322724342,11072.237554848194
322,2.5,2.0,1.5,30,2019-11-05,2021-11-04,2021-11-04,2024-05-04,-17.51194266536936,15.728132042092358,-31.95720397158689,43.991431795338514,12548.258490800858,8538.185930013657,12294.256169974804
257,2.0,3.5,2.0,30,2018-05-06,2021-11-03,2021-11-03,2023-11-03,-46.22327338261585,15.81825998164781,-88.538698105784,34.13869345176564,5698.239772796631,653.09246301651,876.0496969223022
353,2.5,3.5,0.5,30,2019-05-06,2022-11-04,2022-11-04,2025-05-04,-27.745764445395594,15.916784560266994,-67.94998411403559,36.22722746221879,5658.204386949539,1813.4554048776627,2470.420019328594
309,2.5,1.5,0.5,30,2021-05-05,2022-11-04,2022-11-04,2025-05-04,-36.72025678895445,15.957595869355746,-49.69341670501022,38.88683887033747,19135.34948372841,9626.34052681923,13369.720056593418
647,4.0,3.0,4.5,30,2014-05-07,2017-05-06,2017-05-06,2021-05-05,-9.47463670730201,15.966182914769567,-25.450207346617148,80.70615651847058,4587.715455248952,3420.1323594152927,6180.38973454386
798,5.0,1.0,3.5,30,2016-05-06,2017-05-06,2017-05-06,2022-05-05,-16.672142424972357,16.00481793985351,-16.96424331372327,109.90696089917631,11978.16563987732,9946.160476207733,20877.683181762695
702,4.5,1.5,0.0,30,2019-11-04,2021-05-05,2021-05-05,2025-11-02,-26.561696594546003,16.118314346759654,-37.092810158729336,86.35226253226267,11520.266157269478,7247.075701773167,13505.089537680149
408,3.0,1.5,0.0,30,2021-05-05,2022-11-03,2022-11-03,2025-11-02,-37.02506336909126,16.239936634129528,-49.99346977769494,39.72019848503684,19135.34948372841,9568.924322724342,13369.720056593418
526,3.5,2.5,0.0,30,2019-11-04,2022-05-05,2022-05-05,2025-11-02,-16.389535004594624,16.258037571765293,-36.09348946121003,61.53249233945072,14300.495166063309,9138.947450399399,14762.369590222836
539,3.5,3.0,0.5,30,2018-11-05,2021-11-04,2021-11-04,2025-05-04,-38.09000748007721,16.293320721121308,-76.27084601389889,62.86147885795681,5225.452175140381,1239.9555931091309,2019.4100161194801
450,3.0,3.5,0.0,30,2019-05-06,2022-11-03,2022-11-03,2025-11-02,-27.954257687798588,16.363235224929753,-68.24411807270498,37.48901114638027,5658.204386949539,1796.8127043247223,2470.420019328594
861,5.0,4.0,1.5,30,2015-05-07,2019-05-06,2019-05-06,2024-05-04,-26.604848880927857,16.39928072247674,-70.98186638621418,113.58502380101385,7980.843989849091,2315.8919724822044,4946.3984206318855
810,5.0,1.5,4.5,30,2014-11-06,2016-05-06,2016-05-06,2021-05-05,-39.711057110225276,16.53276390346472,-52.96963565799485,114.90189023567223,3808.8046680390835,1791.2947124540806,3849.526196755469
291,2.0,5.0,2.5,30,2016-05-06,2021-05-05,2021-05-05,2023-05-05,-27.86427890825539,16.807780079094247,-80.46776739815533,36.44057487006048,2584.8651247024536,504.88186860084534,688.8637239336967
581,3.5,5.0,0.0,30,2017-05-06,2022-05-05,2022-05-05,2025-11-02,-27.674737654137683,17.10547725047915,-80.09242306542555,52.155111268075814,7028.465436935425,1399.1971641778946,2128.950002014637
484,3.0,5.0,0.5,30,2017-05-06,2022-05-05,2022-05-05,2025-05-04,-27.674737654137683,17.10547725047915,-80.09242306542555,52.155111268075814,7028.465436935425,1399.1971641778946,2128.950002014637
283,2.0,4.5,4.0,30,2015-05-07,2019-11-04,2019-11-04,2021-11-03,-31.009468873104083,17.20060355151565,-81.17332896467846,37.35981472839542,5391.916215896606,1015.1183284670115,1394.3646552562714
644,4.0,3.0,3.0,30,2015-11-05,2018-11-04,2018-11-04,2022-11-03,-31.806070830993193,17.252946598725472,-67.8554758766296,88.93206948234297,18624.44316291809,5986.738625347614,11310.86917936802
440,3.0,3.0,0.5,30,2019-05-06,2022-05-05,2022-05-05,2025-05-04,-29.292266543759048,17.299700579857415,-64.64907775035542,53.111104123427964,5977.919693470001,2113.2497429847717,3235.6200143694878
538,3.5,3.0,0.0,30,2019-05-06,2022-05-05,2022-05-05,2025-11-02,-29.292266543759048,17.299700579857415,-64.64907775035542,53.111104123427964,5977.919693470001,2113.2497429847717,3235.6200143694878
126,1.5,2.0,2.0,30,2020-05-05,2022-05-05,2022-05-05,2023-11-03,-0.940877583588251,17.35973054629847,-1.872902660903504,27.111084447966643,15985.938300468028,15686.53723666817,19939.32759386301
280,2.0,4.5,2.5,30,2016-11-05,2021-05-05,2021-05-05,2023-05-05,-35.56654685005868,17.515392422988786,-86.04381927812396,38.098674563290494,2662.1211738586426,371.53044205904007,513.0786160826683
125,1.5,2.0,3.0,30,2019-05-06,2021-05-05,2021-05-05,2022-11-03,-47.02716251153941,17.51899500652212,-71.93878488421144,27.369682075066148,3898.423544406891,1093.9450169205666,1393.3542901277542
310,2.5,1.5,1.5,30,2020-05-05,2021-11-04,2021-11-04,2024-05-04,6.110422682041183,17.523122299103242,9.31313553271947,49.63049912975371,12931.695739604533,14136.042090512812,21151.83033722639
273,2.0,4.0,5.0,30,2014-11-05,2018-11-04,2018-11-04,2020-11-03,-26.423429462504345,17.55174353996114,-70.32498807800857,38.122917004278946,10380.367770761251,3080.375373519957,4254.704320587218
416,3.0,2.0,0.0,30,2020-11-03,2022-11-03,2022-11-03,2025-11-02,-20.205936692305915,17.562859836626977,-36.32907460847709,44.07923210279247,13932.424780704081,8870.903787352145,12781.130057394505
318,2.5,2.0,0.5,30,2020-11-04,2022-11-04,2022-11-04,2025-05-04,-15.050702212309375,17.581861774486818,-27.8361680537826,50.597201508774425,18665.59028840065,13469.805207490921,20285.149691164494
439,3.0,3.0,0.0,30,2019-11-04,2022-11-03,2022-11-03,2025-11-02,-14.835638013233353,17.651573345287463,-38.23055607066294,55.60791466978079,12119.990224838257,7486.4505661726,11649.50960880518
785,4.5,5.0,2.0,30,2014-05-07,2019-05-06,2019-05-06,2023-11-03,-19.36773420183909,17.6555694472462,-65.91648952815578,107.80666672220735,6932.786448910832,2362.936995305121,4910.340606689453
206,2.0,1.0,2.5,30,2020-05-05,2021-05-05,2021-05-05,2023-05-05,-10.993657898228138,17.78685625446976,-10.993657898228138,38.73743506311123,2315.1641654744744,2060.6429373398423,2858.8831570744514
312,2.5,1.5,2.0,30,2019-11-04,2021-05-05,2021-05-05,2023-11-03,-26.561696594546003,17.79139989876115,-37.092810158729336,50.55200447595048,11520.266157269478,7247.075701773167,10910.617734909058
417,3.0,2.0,0.5,30,2020-05-05,2022-05-05,2022-05-05,2025-05-04,-0.940877583588251,17.81438625499807,-1.872902660903504,62.78340697721217,15985.938300468028,15686.53723666817,25535.079750597477
517,3.5,2.0,0.0,30,2020-05-05,2022-05-05,2022-05-05,2025-11-02,-0.940877583588251,17.81438625499807,-1.872902660903504,62.78340697721217,15985.938300468028,15686.53723666817,25535.079750597477
332,2.5,2.5,2.0,30,2018-11-04,2021-05-05,2021-05-05,2023-11-03,-42.27028330340894,17.820156996183755,-74.65701600102648,50.64385876180793,3664.1383566856384,928.6019974350929,1398.8818814754486
839,5.0,3.0,1.5,30,2016-05-06,2019-05-06,2019-05-06,2024-05-04,-32.93074489373803,17.840944916722012,-69.83033771015855,127.13588281201605,7441.065479278564,2244.944325864315,5099.074113190174
223,2.0,2.0,2.5,30,2019-05-06,2021-05-05,2021-05-05,2023-05-05,-47.02716251153941,17.862623695627168,-71.93878488421144,38.91598064417012,3898.423544406891,1093.9450169205666,1519.6644479632378
726,4.5,2.5,0.0,30,2018-11-04,2021-05-05,2021-05-05,2025-11-02,-42.27028330340894,17.895674034945095,-74.65701600102648,81.06896250211304,3664.1383566856384,928.6019974350929,1681.4100025296211
627,4.0,2.5,0.5,30,2018-11-05,2021-05-05,2021-05-05,2025-05-04,-42.27028330340894,17.895674034945095,-74.65890274204286,81.06896250211304,3664.411165714264,928.6019974350929,1681.4100025296211
409,3.0,1.5,1.5,30,2019-11-05,2021-05-05,2021-05-05,2024-05-04,-26.387170113947633,17.91191736294553,-36.8152129979746,63.86154898501141,11418.184760451317,7214.555720388889,11821.882755815983
343,2.5,3.0,0.5,30,2019-11-05,2022-11-04,2022-11-04,2025-05-04,-14.667220161691464,17.966783592511714,-37.86337208345174,56.52456166423156,12128.74834728241,7536.395231485367,11796.30960136652
14,1.0,1.5,1.5,30,2021-11-04,2023-05-05,2023-05-05,2024-05-04,-50.57432753093414,18.02265679033077,-65.2185147560734,17.969087820373307,14556.430091381073,5062.942584276199,5972.707183539867
334,2.5,2.5,2.5,30,2018-05-06,2020-11-04,2020-11-04,2023-05-05,-57.86635915437515,18.13121773358437,-88.40726680201405,51.63957982396412,3343.3677792549133,387.58770647644997,587.7363695502281
805,5.0,1.5,1.5,30,2017-11-05,2019-05-06,2019-05-06,2024-05-04,-57.16448551310489,18.192456224090293,-70.98426837349717,130.5419245255655,6229.950240135193,1807.6656421422958,4167.427160382271
428,3.0,2.5,0.5,30,2019-11-05,2022-05-05,2022-05-05,2025-05-04,-14.980332080819547,18.2809106189864,-33.33543347368841,67.79548757777495,15779.231566667557,10519.156325101852,17650.669644773006
327,2.5,2.0,4.0,30,2017-05-06,2019-05-06,2019-05-06,2021-11-03,-49.489046310708154,18.31133687834161,-74.21214465566844,52.217949838980594,8031.069646835327,2071.040623128414,3152.4955768585205
264,2.0,4.0,0.5,30,2019-05-06,2023-05-05,2023-05-05,2025-05-04,-30.23614957092754,18.401471256520384,-76.31236135697283,32.283050522184894,5752.083869218826,1362.5328413844109,1802.4000069499016
361,2.5,4.0,0.0,30,2019-05-06,2023-05-05,2023-05-05,2025-11-02,-30.23614957092754,18.401471256520384,-76.31236135697283,32.283050522184894,5752.083869218826,1362.5328413844109,1802.4000069499016
469,3.0,4.0,3.5,30,2015-05-07,2019-05-06,2019-05-06,2022-05-05,-26.604848880927857,18.477555312325556,-70.98186638621418,66.30612823303078,7980.843989849091,2315.8919724822044,3851.4702734947205
285,2.0,4.5,5.0,30,2014-05-07,2018-11-04,2018-11-04,2020-11-03,-17.79665918452029,18.593946762843917,-57.96819554259884,40.57954518186621,6900.51405377686,2900.4105736389756,4077.3839928284287
276,2.0,4.5,0.5,30,2018-11-05,2023-05-05,2023-05-05,2025-05-04,-27.347237349430632,18.628548673624557,-76.24119107468931,32.55793647106679,6659.483006000519,1582.2138428092003,2097.3500205874443
373,2.5,4.5,0.0,30,2018-11-04,2023-05-05,2023-05-05,2025-11-02,-27.347237349430632,18.628548673624557,-76.14521472675084,32.55793647106679,6632.689519882202,1582.2138428092003,2097.3500205874443
266,2.0,3.5,5.0,30,2015-05-07,2018-11-04,2018-11-04,2020-11-03,-24.934328235057034,18.65163494372133,-62.75120757834804,40.716156425599074,9338.444778442383,3478.4579109326005,4894.752275146544
277,2.0,4.5,1.0,30,2018-05-06,2022-11-03,2022-11-03,2024-11-02,-28.526179507854653,18.669490486491803,-77.78956051575575,40.75845352097586,7977.3673639297485,1771.808350801468,2493.970033943653
426,3.0,2.0,3.5,30,2017-05-06,2019-05-06,2019-05-06,2022-05-05,-49.489046310708154,18.694751927930486,-74.21214465566844,67.22243816819827,8031.069646835327,2071.040623128414,3463.2446254491806
26,1.0,2.0,2.0,30,2020-11-03,2022-11-03,2022-11-03,2023-11-03,-20.205936692305915,18.79695433539006,-36.32907460847709,18.79695433539005,13932.424780704081,8870.903787352145,10538.363521397114
479,3.0,4.5,3.5,30,2014-11-06,2019-05-06,2019-05-06,2022-05-05,-26.98118096879927,18.821428786354623,-76.06558139928765,67.75841373376504,9919.177127450705,2374.0973754301667,3982.7480975165963
872,5.0,4.5,1.5,30,2014-11-06,2019-05-06,2019-05-06,2024-05-04,-26.98118096879927,18.943110815076825,-76.06558139928765,137.95238100593238,9919.177127450705,2374.0973754301667,5649.221232235432
234,2.0,2.5,2.0,30,2019-05-06,2021-11-03,2021-11-03,2023-11-03,-38.251693544225596,19.098749544640746,-70.01877026801647,41.84512143097062,5554.152174472809,1665.2031230926514,2362.0093920230865
664,4.0,4.0,2.0,30,2015-11-05,2019-11-04,2019-11-04,2023-11-03,-35.76516794191008,19.111197458534246,-82.97518615115384,101.28451384068092,9772.571229457855,1663.7620600610971,3348.895374059677
449,3.0,3.0,4.5,30,2015-05-07,2018-05-06,2018-05-06,2021-05-05,-19.253944026651137,19.138135397320678,-47.82582768101875,69.0223119983734,7741.706480026245,4039.1712793186307,6827.100681878626
550,3.5,3.5,0.5,30,2018-05-06,2021-11-04,2021-11-04,2025-05-04,-45.871534917909294,19.3813616373832,-88.2941839110489,74.02633979308264,5698.239772796631,667.0254681110382,1160.8000076413155
833,5.0,2.5,4.0,30,2014-05-07,2016-11-04,2016-11-04,2021-11-03,-18.261701199092272,19.390428623238254,-39.57955056195276,142.57584718029625,3665.2007637023926,2214.5307742357254,5371.916786670685
218,2.0,1.5,5.0,30,2017-05-06,2018-11-04,2018-11-04,2020-11-03,-53.296229148596,19.390789668257735,-67.16842221301158,42.47240990879501,8291.312362670898,2722.168667912483,3878.339302957058
546,3.5,3.0,3.5,30,2015-11-06,2018-11-05,2018-11-05,2022-05-05,-31.6510485539936,19.66157608663719,-68.07024625594089,87.38495908983029,18772.037390232086,5993.865311443806,11231.602061748505
189,1.5,5.0,1.5,30,2017-11-05,2022-11-04,2022-11-04,2024-05-04,-28.602912802769964,19.705073988886525,-81.14139657465967,30.872328227284605,8762.281107902527,1652.443845152855,2162.591732800007
576,3.5,4.5,2.5,30,2015-05-07,2019-11-05,2019-11-05,2023-05-05,-31.009380677680564,19.707490981076536,-81.19235751950379,87.63663393509418,5391.916215896606,1014.0923247337341,1902.8087031245232
437,3.0,2.5,3.5,30,2016-11-05,2019-05-06,2019-05-06,2022-05-05,-41.47659161842605,19.733212957375624,-73.24531104370814,71.65004038873724,8160.163289666176,2183.226306475699,3747.5088368430734
371,2.5,4.0,4.0,30,2015-05-07,2019-05-06,2019-05-06,2021-11-03,-26.604848880927857,19.789952171353598,-70.98186638621418,57.015871335656755,7980.843989849091,2315.8919724822044,3636.3179597854614
140,1.5,2.5,2.0,30,2019-11-04,2022-05-05,2022-05-05,2023-11-03,-16.389535004594624,19.823098574082422,-36.09348946121003,31.130352695811,14300.495166063309,9138.947450399399,11983.934024393559
247,2.0,3.0,2.0,30,2018-11-04,2021-11-03,2021-11-03,2023-11-03,-38.85416338026254,19.88977717472411,-77.12621243010808,43.735586710049965,5154.861644268036,1179.1121020317078,1694.8036978244781
233,2.0,2.0,5.0,30,2016-11-04,2018-11-04,2018-11-04,2020-11-03,-42.480411323619094,19.91173255543035,-66.42672520912267,43.716719887563265,7884.25657081604,2647.0031237378716,3804.1860647574067
254,2.0,3.0,5.0,30,2015-11-05,2018-11-04,2018-11-04,2020-11-03,-31.806070830993193,19.933640673594045,-67.8554758766296,43.76916740304799,18624.44316291809,5986.738625347614,8607.084276258945
511,3.5,1.5,3.0,30,2017-11-04,2019-05-06,2019-05-06,2022-11-03,-57.16448551310489,20.048059101962213,-70.98426837349717,89.51094382148781,6229.950240135193,1807.6656421422958,3425.724219560623
882,5.0,5.0,1.5,30,2014-05-07,2019-05-06,2019-05-06,2024-05-04,-19.36773420183909,20.100598183089446,-65.91648952815578,149.7513937374052,6932.786448910832,2362.936995305121,5901.4680789113045
648,4.0,3.5,0.0,30,2018-05-06,2021-11-03,2021-11-03,2025-11-02,-46.22327338261585,20.131362683838127,-88.538698105784,77.73899920384945,5698.239772796631,653.09246301651,1160.8000076413155
279,2.0,4.5,2.0,30,2017-05-06,2021-11-03,2021-11-03,2023-11-03,-44.50706500361199,20.17390489338331,-92.87365284780881,44.41767417323937,6619.999777793884,471.7641656398773,681.3108355998993
447,3.0,3.0,3.5,30,2016-05-06,2019-05-06,2019-05-06,2022-05-05,-32.93074489373803,20.4481269337045,-69.83033771015855,74.74314679174124,7441.065479278564,2244.944325864315,3922.8863587379456
338,2.5,2.5,4.0,30,2016-11-04,2019-05-06,2019-05-06,2021-11-03,-40.903583287806775,20.521223396377806,-73.1718984800718,59.42182732856259,8245.32932817936,2212.065322816372,3526.514959335327
156,1.5,3.5,2.0,30,2018-11-04,2022-05-05,2022-05-05,2023-11-03,-27.47198047655022,20.543010240441827,-67.39139535297937,32.31281078152406,5679.97536277771,1852.1607100963593,2450.645895719528
222,2.0,2.0,1.5,30,2020-05-05,2022-05-05,2022-05-05,2024-05-04,-0.940877583588251,20.771219049678045,-1.872902660903504,45.78147587983044,15985.938300468028,15686.53723666817,22868.065498054028
245,2.0,2.5,5.0,30,2016-05-06,2018-11-04,2018-11-04,2020-11-03,-32.34268622576367,20.86127721558675,-61.728539342801724,45.9986750220679,8313.127715587616,3181.5554030537605,4645.028733551502
572,3.5,4.5,0.5,30,2017-05-06,2021-11-04,2021-11-04,2025-05-04,-45.183706893044395,21.0139409348701,-93.26510745007808,84.41992949265273,6466.736716270447,435.5277693271637,803.2000051140785
458,3.0,3.5,3.5,30,2015-11-06,2019-05-06,2019-05-06,2022-05-05,-34.821074484012456,21.014331518113273,-77.63186184758773,77.2190557830478,10785.402820587158,2412.493803203106,4275.398738861084
498,3.5,1.0,2.5,30,2018-11-05,2019-11-05,2019-11-05,2023-05-05,-66.18856617498106,21.042609155799006,-66.18856617498105,95.06095858170667,3005.7106922268867,1016.2738816738129,1982.3535754084587
299,2.0,5.0,5.0,30,2013-11-05,2018-11-04,2018-11-04,2020-11-03,-17.309220129223323,21.13066125165539,-60.73008294873329,46.64932984349784,6851.541496947408,2690.5946625843644,3945.7390414848924
382,2.5,4.5,4.0,30,2014-11-05,2019-05-06,2019-05-06,2021-11-03,-27.263002925000446,21.267701000079995,-76.1378387052662,61.90048184584369,9876.44525489211,2356.733296908438,3815.5625635161996
360,2.5,3.5,4.0,30,2015-11-05,2019-05-06,2019-05-06,2021-11-03,-33.35086269492725,21.275554184087774,-75.84319542818338,61.92668006786056,11539.034854412079,2787.4620992541313,4513.644835472107
588,3.5,5.0,2.5,30,2014-11-06,2019-11-05,2019-11-05,2023-05-05,-30.914512522560756,21.288131321146352,-84.38970242531579,96.44874004973673,7616.409792900085,1188.9442331790924,2335.665965974331
850,5.0,3.5,1.5,30,2015-11-06,2019-05-06,2019-05-06,2024-05-04,-34.821074484012456,21.34660569264202,-77.63186184758773,162.97105643627884,10785.402820587158,2412.493803203106,6344.1604407429695
3,1.0,1.0,1.5,30,2022-05-05,2023-05-05,2023-05-05,2024-05-04,-68.15716505971909,21.602628145864443,-68.15716505971909,21.537483784982967,5907.090313911438,1880.9850184321404,2286.1018617749214
397,3.0,1.0,1.0,30,2020-11-03,2021-11-03,2021-11-03,2024-11-02,-8.518887615904447,21.731541826740997,-8.518887615904445,80.29155605953717,18915.315890409052,17303.94138751179,31197.545187175274
329,2.5,2.5,0.5,30,2020-05-05,2022-11-04,2022-11-04,2025-05-04,-0.7150719525747418,21.767294896877964,-1.7790695046343115,61.85134414702106,15777.40490398556,15496.713904716074,25081.63975340128
429,3.0,2.5,0.0,30,2020-05-05,2022-11-03,2022-11-03,2025-11-02,-0.5353694347152715,21.840259125350215,-1.3323286991642065,62.15522623919628,15711.43063030392,15502.102730967104,25137.469755232334
555,3.5,3.5,2.5,30,2016-05-06,2019-11-05,2019-11-05,2023-05-05,-37.379350183729244,21.950143408533297,-80.58072437499153,100.2258038023179,5362.085268497467,1041.2781175374985,2084.9074806571007
200,2.0,1.0,1.5,30,2021-05-05,2022-05-05,2022-05-05,2024-05-04,-44.73943558641589,22.034995626593258,-44.73943558641589,48.844172621249236,19001.38251709938,10500.271225333214,15629.041828334332
477,3.0,4.5,2.5,30,2015-11-06,2020-05-05,2020-05-05,2023-05-05,-36.16767530849505,22.178696971479695,-86.72758224494248,82.38388702111592,10703.814320087433,1420.654952287674,2591.0457231402397
181,1.5,4.5,2.5,30,2017-05-06,2021-11-04,2021-11-04,2023-05-05,-45.183706893044395,22.210089520189904,-93.26510745007808,35.06451660705747,6466.736716270447,435.5277693271637,588.243476331234
110,1.5,1.0,3.0,30,2020-05-05,2021-05-05,2021-05-05,2022-11-03,-10.993657898228138,22.254735368227465,-10.993657898228138,35.13846850019475,2315.1641654744744,2060.6429373398423,2784.7213067784905
349,2.5,3.0,4.0,30,2016-05-06,2019-05-06,2019-05-06,2021-11-03,-32.93074489373803,22.52672557692552,-69.83033771015855,66.13311364543816,7441.065479278564,2244.944325864315,3729.595908164978
190,1.5,5.0,2.0,30,2017-05-06,2022-05-05,2022-05-05,2023-11-03,-27.674737654137683,22.593195673109356,-80.09242306542555,35.699535886887915,7028.465436935425,1399.1971641778946,1898.7040579319
670,4.0,4.5,0.0,30,2017-05-06,2021-11-03,2021-11-03,2025-11-02,-44.50706500361199,22.65429633666516,-92.87365284780881,91.73563134561023,6619.999777793884,471.7641656398773,904.5400014519691
430,3.0,2.5,1.0,30,2019-05-06,2021-11-03,2021-11-03,2024-11-02,-38.251693544225596,22.846635247329104,-70.01877026801647,85.28700708361289,5554.152174472809,1665.2031230926514,3085.405028641224
121,1.5,2.0,1.5,30,2020-11-04,2022-11-04,2022-11-04,2024-05-04,-15.050702212309375,22.87097698025771,-27.8361680537826,36.08378098305995,18665.59028840065,13469.805207490921,18330.22021740675
419,3.0,2.0,1.0,30,2019-11-04,2021-11-03,2021-11-03,2024-11-02,-18.729799888086085,22.874685442384223,-33.95154573769468,85.4138426547143,12177.566486597061,8043.0944311618805,14913.010453164577
191,1.5,5.0,2.5,30,2016-11-05,2021-11-04,2021-11-04,2023-05-05,-39.560260551652235,23.203875841447562,-91.89867453060947,36.71381820469563,6220.009511947632,503.903214789927,688.9053249955177
448,3.0,3.0,4.0,30,2015-11-05,2018-11-04,2018-11-04,2021-11-03,-31.806070830993193,23.271814366447096,-67.8554758766296,87.21576746867002,18624.44316291809,5986.738625347614,11208.118663787842
736,4.5,2.5,4.5,30,2014-05-07,2016-11-05,2016-11-05,2021-05-05,-18.261701199092272,23.411369621889367,-38.69448235509243,157.31941436442568,3665.2007637023926,2246.970300912857,5781.890819251537
232,2.0,2.5,1.5,30,2019-11-05,2022-05-05,2022-05-05,2024-05-04,-14.980332080819547,23.491933630545624,-33.33543347368841,52.41444081034656,15779.231566667557,10519.156325101852,16032.71329087019
713,4.5,2.0,0.0,30,2019-05-06,2021-05-05,2021-05-05,2025-11-02,-47.02716251153941,23.518253774736642,-71.93878488421144,117.16356422679665,3898.423544406891,1093.9450169205666,2375.649989426136
616,4.0,2.0,0.5,30,2019-05-06,2021-05-05,2021-05-05,2025-05-04,-47.02716251153941,23.518253774736642,-71.93878488421144,117.16356422679665,3898.423544406891,1093.9450169205666,2375.649989426136
293,2.0,5.0,4.0,30,2014-11-05,2019-11-04,2019-11-04,2021-11-03,-30.988986081775593,23.740415885957077,-84.34719983348577,53.11690523629622,7569.280337899923,1184.8043253347278,1814.1357160583138
582,3.5,5.0,0.5,30,2016-11-05,2021-11-04,2021-11-04,2025-05-04,-39.560260551652235,23.84326274114288,-91.89867453060947,101.2509487390185,6220.009511947632,503.903214789927,1014.1100004911423
598,4.0,1.0,2.5,30,2018-05-06,2019-05-06,2019-05-06,2023-05-05,-66.64104180181415,23.908090097408596,-66.59925389044908,135.721204436622,4696.079105615616,1568.5254591703415,3697.3471042513847
354,2.5,3.5,1.5,30,2018-05-06,2021-11-04,2021-11-04,2024-05-04,-45.871534917909294,24.02367832694474,-88.2941839110489,71.15013795853845,5698.239772796631,667.0254681110382,1141.6150088906288
589,3.5,5.0,3.0,30,2014-05-07,2019-05-06,2019-05-06,2022-11-03,-19.36773420183909,24.100317525529945,-65.91648952815578,112.85147713359369,6932.786448910832,2362.936995305121,5029.546298243105
681,4.0,5.0,0.0,30,2016-11-04,2021-11-03,2021-11-03,2025-11-02,-39.32145398168824,24.154626020790214,-91.7742438982605,102.78382422035806,6272.832494735718,515.9879016876221,1046.3399995565414
757,4.5,4.0,0.0,30,2017-05-06,2021-05-05,2021-05-05,2025-11-02,-36.75410968201768,24.19848360084089,-83.87092376352304,124.68386289284304,3654.417149543762,589.4237280488014,1324.340000987053
661,4.0,4.0,0.5,30,2017-05-06,2021-05-05,2021-05-05,2025-05-04,-36.75410968201768,24.19848360084089,-83.87092376352304,124.68386289284304,3654.417149543762,589.4237280488014,1324.340000987053
431,3.0,2.5,1.5,30,2018-11-05,2021-05-05,2021-05-05,2024-05-04,-42.27028330340894,24.327740947004006,-74.65890274204286,92.06358767291943,3664.411165714264,928.6019974350929,1783.5063114762306
468,3.0,4.0,3.0,30,2015-11-05,2019-11-04,2019-11-04,2022-11-03,-35.76516794191008,24.46992864197992,-82.97518615115384,92.838312202239,9772.571229457855,1663.7620600610971,3208.3706756830215
441,3.0,3.0,1.0,30,2018-11-04,2021-11-03,2021-11-03,2024-11-02,-38.85416338026254,24.602615176009344,-77.12621243010808,93.33912737814384,5154.861644268036,1179.1121020317078,2279.685048878193
172,1.5,4.0,3.0,30,2017-05-06,2021-05-05,2021-05-05,2022-11-03,-36.75410968201768,24.797864982209816,-83.87092376352304,39.37309448877503,3654.417149543762,589.4237280488014,821.4980894327164
36,1.0,2.5,2.0,30,2020-05-05,2022-11-03,2022-11-03,2023-11-03,-0.5353694347152715,24.882583665297876,-1.3323286991642065,24.882583665297872,15711.43063030392,15502.102730967104,19359.42641288042
762,4.5,4.0,1.5,30,2015-11-06,2019-11-05,2019-11-05,2024-05-04,-36.09095602643715,25.144272900620024,-83.3179551817264,174.12527982737967,10018.652868747711,1671.3161617517471,4581.500105202198
201,2.0,1.0,1.0,30,2021-11-03,2022-11-03,2022-11-03,2024-11-02,-54.67617830163791,25.194592864538066,-54.67617830163791,56.64040112461526,15869.31016254425,7192.577842831612,11266.482784211636
207,2.0,1.0,5.0,30,2017-11-04,2018-11-04,2018-11-04,2020-11-03,-65.23574592680241,25.21196486363355,-63.52465292341671,56.68381541673328,5252.882865905762,1916.0072568655014,3002.073273718357
48,1.0,3.0,2.0,30,2019-11-04,2022-11-03,2022-11-03,2023-11-03,-14.835638013233353,25.520515913589435,-38.23055607066294,25.52051591358943,12119.990224838257,7486.4505661726,9397.031374275684
383,2.5,5.0,0.0,30,2018-05-06,2023-05-05,2023-05-05,2025-11-02,-33.10488708602091,25.809960717746016,-86.56468693312041,47.49783194806707,7307.992903709412,981.8517255187035,1448.210008084774
287,2.0,5.0,0.5,30,2018-05-06,2023-05-05,2023-05-05,2025-05-04,-33.10488708602091,25.809960717746016,-86.56468693312041,47.49783194806707,7307.992903709412,981.8517255187035,1448.210008084774
113,1.5,1.5,1.5,30,2021-05-05,2022-11-04,2022-11-04,2024-05-04,-36.72025678895445,25.84358231304529,-49.69341670501022,41.03806605868287,19135.34948372841,9626.34052681923,13576.804511249065
308,2.5,1.5,1.0,30,2020-11-03,2022-05-05,2022-05-05,2024-11-02,-12.375344917031017,25.84839579463505,-17.991118609409096,77.50429944205312,20880.07271027565,17123.514063239098,30394.973677814007
597,4.0,1.0,2.0,30,2018-11-04,2019-11-04,2019-11-04,2023-11-03,-66.07848193723088,25.860810547960277,-66.14245443695704,150.93549514553385,3020.3227466344833,1022.607150092721,2566.0843154788017
823,5.0,2.0,4.5,30,2014-05-07,2016-05-06,2016-05-06,2021-05-05,-24.282421183225168,26.062000252202534,-42.66848258125492,218.3618131332068,3455.358359530568,1981.009379774332,6306.777379788458
462,3.0,4.0,0.5,30,2018-05-06,2022-05-05,2022-05-05,2025-05-04,-31.34463713183484,26.300642422465682,-77.6862286539518,86.88271749691606,6701.0095500946045,1495.247948884964,2794.360000193119
560,3.5,4.0,0.0,30,2018-05-06,2022-05-05,2022-05-05,2025-11-02,-31.34463713183484,26.300642422465682,-77.6862286539518,86.88271749691606,6701.0095500946045,1495.247948884964,2794.360000193119
261,2.0,3.5,4.0,30,2016-05-06,2019-11-04,2019-11-04,2021-11-03,-37.513297132144544,26.308795505437367,-80.70093021526549,59.539118220343944,5326.835265636444,1028.0296552330256,1640.109447002411
297,2.5,1.0,1.0,30,2021-05-05,2022-05-05,2022-05-05,2024-11-02,-44.73943558641589,26.524098970909684,-44.73943558641589,79.89257688998475,19001.38251709938,10500.271225333214,18889.208487689495
507,3.5,1.5,1.0,30,2019-11-04,2021-05-05,2021-05-05,2024-11-02,-26.561696594546003,26.72135317159583,-37.092810158729336,128.85037895039406,11520.266157269478,7247.075701773167,16584.960206329823
432,3.0,2.5,2.0,30,2018-05-06,2020-11-03,2020-11-03,2023-11-03,-57.882027696391184,26.922829307190142,-88.39056504129043,104.46512102027647,3343.3677792549133,388.146107763052,793.623408973217
134,1.5,2.5,1.5,30,2020-05-05,2022-11-04,2022-11-04,2024-05-04,-0.7150719525747418,27.20679674453832,-1.7790695046343115,43.329630217098234,15777.40490398556,15496.713904716074,22211.382735431194
246,2.0,3.0,2.5,30,2018-05-06,2021-05-05,2021-05-05,2023-05-05,-47.32698934047487,27.23026260330712,-85.26281005997416,61.87539722106487,3480.190891265869,512.8823419213295,830.2303282618523
529,3.5,2.5,1.0,30,2018-11-04,2021-05-05,2021-05-05,2024-11-02,-42.27028330340894,27.260157669115404,-74.65701600102648,132.27012647852283,3664.1383566856384,928.6019974350929,2156.8650339245796
147,1.5,3.0,2.0,30,2019-05-06,2022-05-05,2022-05-05,2023-11-03,-29.292266543759048,27.311206490173156,-64.64907775035542,43.600614328006706,5977.919693470001,2113.2497429847717,3034.639613211155
870,5.0,4.5,0.5,30,2015-11-06,2020-05-05,2020-05-05,2025-05-04,-36.16767530849505,27.31803036679632,-86.72758224494248,208.31131458624162,10703.814320087433,1420.654952287674,4380.039959132671
75,1.0,4.5,0.0,30,2020-05-05,2024-11-02,2024-11-02,2025-11-02,6.377029411381119,27.320342066569392,31.08633560019164,7.112876849015576,26611.429006576538,34883.947135567665,37365.19933539629
683,4.0,5.0,0.5,30,2016-05-06,2021-05-05,2021-05-05,2025-05-04,-27.86427890825539,27.349050108865903,-80.46776739815533,146.958759257854,2584.8651247024536,504.88186860084534,1246.8499984145164
780,4.5,5.0,0.0,30,2016-05-06,2021-05-05,2021-05-05,2025-11-02,-27.86427890825539,27.349050108865903,-80.46776739815533,146.958759257854,2584.8651247024536,504.88186860084534,1246.8499984145164
569,3.5,4.5,0.0,30,2017-11-04,2022-05-05,2022-05-05,2025-11-02,-29.850013036956714,27.37960900213885,-79.56709914373502,91.83261916708942,6363.349158287048,1300.2168246507645,2494.239989578724
473,3.0,4.5,0.5,30,2017-11-05,2022-05-05,2022-05-05,2025-05-04,-29.850013036956714,27.37960900213885,-79.56709914373502,91.83261916708942,6363.349158287048,1300.2168246507645,2494.239989578724
99,1.5,1.0,1.0,30,2022-05-05,2023-05-05,2023-05-05,2024-11-02,-68.15716505971909,27.417473556896567,-68.15716505971909,43.68486904920987,5907.090313911438,1880.9850184321404,2702.690860569477
675,4.0,4.5,2.0,30,2015-05-07,2019-11-04,2019-11-04,2023-11-03,-31.009468873104083,27.595373614261696,-81.17332896467846,165.0572645500312,5391.916215896606,1015.1183284670115,2690.644873380661
38,1.0,2.5,3.0,30,2019-05-06,2021-11-03,2021-11-03,2022-11-03,-38.251693544225596,27.66181514642159,-70.01877026801647,27.661815146421574,5554.152174472809,1665.2031230926514,2125.8285328149796
794,5.0,1.0,1.5,30,2018-05-06,2019-05-06,2019-05-06,2024-05-04,-66.64104180181415,27.680373253551195,-66.59925389044908,239.10169993362348,4696.079105615616,1568.5254591703415,5318.896495938301
311,2.5,1.0,4.0,30,2018-05-06,2019-05-06,2019-05-06,2021-11-03,-66.64104180181415,27.722089682045905,-66.59925389044908,84.29751052144842,4696.079105615616,1568.5254591703415,2890.753373146057
328,2.5,2.5,0.0,30,2020-11-03,2023-05-05,2023-05-05,2025-11-02,-26.134439745504235,27.754377317956603,-53.126781591018,52.9843787379928,9616.81053185463,4507.7086045742035,6896.09000402689
324,2.5,2.0,2.5,30,2018-11-05,2020-11-04,2020-11-04,2023-05-05,-55.65164985019706,27.754971395370042,-80.33223838990473,84.41608566000006,4065.7906527519226,799.6500131487846,1474.6832532286644
695,4.5,1.0,1.5,30,2018-11-05,2019-11-05,2019-11-05,2024-05-04,-66.18856617498106,27.9737550226939,-66.18856617498105,203.11252806955616,3005.7106922268867,1016.2738816738129,3080.453454852104
407,3.0,1.5,1.0,30,2020-05-05,2021-11-03,2021-11-03,2024-11-02,5.319063731555218,28.209487820913704,8.076097137047531,110.60313127524222,12797.80904827267,13831.372538425028,29129.303664267063
372,2.5,4.0,4.5,30,2014-11-06,2018-11-05,2018-11-05,2021-05-05,-25.94351684449436,28.253603536422123,-70.32498807800857,86.21981902933305,10380.367770761251,3080.375373519957,5736.269445993006
367,2.5,4.0,2.0,30,2017-05-06,2021-05-05,2021-05-05,2023-11-03,-36.75410968201768,28.34612429494696,-83.87092376352304,86.55565886140623,3654.417149543762,589.4237280488014,1099.6033193469048
686,4.0,5.0,2.0,30,2014-11-05,2019-11-04,2019-11-04,2023-11-03,-30.988986081775593,28.73802818636395,-84.34719983348577,174.6802360392272,7569.280337899923,1184.8043253347278,3254.4233174324036
62,1.0,3.5,2.0,30,2019-05-06,2022-11-03,2022-11-03,2023-11-03,-27.954257687798588,28.812415746230812,-68.24411807270498,28.812415746230823,5658.204386949539,1796.8127043247223,2314.5178508758545
716,4.5,2.0,0.5,30,2018-11-05,2020-11-04,2020-11-04,2025-05-04,-55.65164985019706,28.82396242691676,-80.33223838990473,193.49465255948692,4065.7906527519226,799.6500131487846,2346.930027782917
824,5.0,2.5,0.0,30,2018-05-06,2020-11-03,2020-11-03,2025-11-02,-57.882027696391184,28.894440226734773,-88.39056504129043,189.24674981544348,3343.3677792549133,388.146107763052,1122.7000012397766
253,2.0,3.5,0.5,30,2019-11-05,2023-05-05,2023-05-05,2025-05-04,-16.84936702641371,28.9484938102615,-47.562831608907295,70.67549555248908,11559.129050254822,6061.279964625835,10345.11961644888
352,2.5,3.5,0.0,30,2019-11-04,2023-05-05,2023-05-05,2025-11-02,-16.967599342730434,28.9484938102615,-47.84980205448708,70.67549555248908,11622.736256837845,6061.279964625835,10345.11961644888
727,4.5,2.5,0.5,30,2018-05-06,2020-11-04,2020-11-04,2025-05-04,-57.86635915437515,28.958599208190662,-88.40726680201405,189.663470352611,3343.3677792549133,387.58770647644997,1122.7000012397766
387,2.5,4.5,4.5,30,2014-05-07,2018-11-05,2018-11-05,2021-05-05,-17.40799451670255,29.059941391661148,-57.72269752962815,89.15894787356069,6988.76297993958,2954.6604639664292,5589.004646874964
860,5.0,4.0,1.0,30,2015-11-05,2019-11-04,2019-11-04,2024-11-02,-35.76516794191008,29.228965248918914,-82.97518615115384,260.15897273674733,9772.571229457855,1663.7620600610971,5992.188344299793
394,2.5,5.0,4.0,30,2014-05-07,2019-05-06,2019-05-06,2021-11-03,-19.36773420183909,29.423855641910123,-65.91648952815578,90.49447750893694,6932.786448910832,2362.936995305121,4501.264483071864
793,5.0,1.0,1.0,30,2018-11-04,2019-11-04,2019-11-04,2024-11-02,-66.07848193723088,29.51225450765762,-66.14245443695704,264.12174596347467,3020.3227466344833,1022.607150092721,3723.535009264946
489,3.0,5.0,3.5,30,2014-05-07,2019-05-06,2019-05-06,2022-05-05,-19.36773420183909,29.58283033971587,-65.91648952815578,117.59172975282699,6932.786448910832,2362.936995305121,5141.555481053889
652,4.0,3.5,2.0,30,2016-05-06,2019-11-04,2019-11-04,2023-11-03,-37.513297132144544,29.708912571503433,-80.70093021526549,183.06050267382,5326.835265636444,1028.0296552330256,2909.9459097385406
231,2.0,2.5,0.5,30,2020-11-04,2023-05-05,2023-05-05,2025-05-04,-17.774424024437497,29.785757453657567,-38.67553900998323,67.87292156227028,14679.869733572006,9002.350988149643,15112.509613096714
499,3.5,1.0,3.0,30,2018-05-06,2019-05-06,2019-05-06,2022-11-03,-66.64104180181415,29.99851028878593,-66.59925389044908,150.39648870416283,4696.079105615616,1568.5254591703415,3927.5326741933823
288,2.0,5.0,1.0,30,2017-11-04,2022-11-03,2022-11-03,2024-11-02,-28.608851766132627,30.026815600384783,-81.12642009279537,68.94814758125892,8731.997836112976,1648.040589094162,2784.334046661854
362,2.5,3.5,4.5,30,2015-05-07,2018-11-05,2018-11-05,2021-05-05,-24.60348307705931,30.112660204420916,-62.79841191748484,93.03776852052694,9300.42308998108,3459.905087865889,6678.923574544489
845,5.0,3.0,4.5,30,2013-05-07,2016-05-06,2016-05-06,2021-05-05,-17.12753216650703,30.150287810716957,-43.08446595105219,273.4441530587086,2308.1550397872925,1313.6987675726414,4905.931236304343
301,2.5,1.0,2.0,30,2020-05-05,2021-05-05,2021-05-05,2023-11-03,-10.993657898228138,30.30918064200032,-10.993657898228138,93.76709803533936,2315.1641654744744,2060.6429373398423,3992.848020553589
376,2.5,4.5,1.5,30,2017-05-06,2021-11-04,2021-11-04,2024-05-04,-45.183706893044395,30.350283429355084,-93.26510745007808,93.77907863269547,6466.736716270447,435.5277693271637,843.9616985917091
224,2.0,2.0,1.0,30,2020-11-03,2022-11-03,2022-11-03,2024-11-02,-20.205936692305915,30.378559711444918,-36.32907460847709,69.86219225114976,13932.424780704081,8870.903787352145,15068.311645686626
400,3.0,1.0,3.0,30,2018-11-04,2019-11-04,2019-11-04,2022-11-03,-66.07848193723088,30.562345691943406,-66.14245443695704,122.56344351577407,3020.3227466344833,1022.607150092721,2275.94968688488
305,2.5,1.0,4.5,30,2017-11-05,2018-11-05,2018-11-05,2021-05-05,-64.92035733710864,30.5661556061672,-63.91336633323432,94.72327723823472,5092.891792297363,1837.8532041311264,3578.727989912033
561,3.5,4.0,0.5,30,2017-11-05,2021-11-04,2021-11-04,2025-05-04,-45.56968309790827,30.617027885977887,-90.95357496891417,136.22538754998322,6336.5138511657715,573.2279751300812,1354.1100057959557
146,1.5,3.0,1.5,30,2019-11-05,2022-11-04,2022-11-04,2024-05-04,-14.667220161691464,30.793560297431743,-37.86337208345174,49.417140445370194,12128.74834728241,7536.395231485367,11260.666247546673
696,4.5,1.0,2.0,30,2018-05-06,2019-05-06,2019-05-06,2023-11-03,-66.64104180181415,30.88212593738571,-66.59925389044908,235.58413656742934,4696.079105615616,1568.5254591703415,5263.722618997097
418,3.0,1.5,3.5,30,2017-11-05,2019-05-06,2019-05-06,2022-05-05,-57.16448551310489,30.951561236216698,-70.98426837349717,124.55981491118297,6229.950240135193,1807.6656421422958,4059.2906202077866
350,2.5,3.0,4.5,30,2015-11-06,2018-11-05,2018-11-05,2021-05-05,-31.6510485539936,31.022686353129437,-68.07024625594089,96.42895225754438,18772.037390232086,5993.865311443806,11773.686830997467
256,2.0,3.5,1.5,30,2018-11-05,2022-05-05,2022-05-05,2024-05-04,-27.47198047655022,31.085744049208962,-67.49415552828277,71.70733873508158,5697.931372642517,1852.1607100963593,3180.295864403248
339,2.5,2.5,4.5,30,2016-05-06,2018-11-05,2018-11-05,2021-05-05,-31.824977713928003,31.145590405746514,-61.643823280963325,96.88966728409427,8393.20462846756,3219.312399685383,6338.493472576141
405,3.0,1.0,3.5,30,2018-05-06,2019-05-06,2019-05-06,2022-05-05,-66.64104180181415,31.160978007917507,-66.59925389044908,125.63888191233683,4696.079105615616,1568.5254591703415,3539.203308582306
770,4.5,4.5,0.0,30,2016-11-04,2021-05-05,2021-05-05,2025-11-02,-35.43369002875018,31.210439493829178,-86.04381927812396,178.43478793979992,2662.1211738586426,371.53044205904007,1034.4699984788895
672,4.0,4.5,0.5,30,2016-11-05,2021-05-05,2021-05-05,2025-05-04,-35.56654685005868,31.210439493829178,-86.04381927812396,178.43478793979992,2662.1211738586426,371.53044205904007,1034.4699984788895
25,1.0,2.0,1.0,30,2021-11-03,2023-11-03,2023-11-03,2024-11-02,-40.478412249889416,31.232690876271228,-64.57180591705887,31.13500318381582,14406.84773850441,5104.085978031158,6693.2433097958565
659,4.0,4.0,0.0,30,2017-11-04,2021-11-03,2021-11-03,2025-11-02,-45.88459536032278,31.44382046159513,-91.14609802666789,141.36197411567625,6336.5138511657715,561.0287249088287,1354.1100057959557
321,2.5,2.0,1.0,30,2020-05-05,2022-05-05,2022-05-05,2024-11-02,-0.940877583588251,31.602288884428198,-1.872902660903504,98.45794190448419,15985.938300468028,15686.53723666817,31131.178955972195
693,4.5,1.0,0.0,30,2020-05-05,2021-05-05,2021-05-05,2025-11-02,-10.993657898228138,31.664525765725337,-10.993657898228138,175.12287171714348,2315.1641654744744,2060.6429373398423,5669.300025045872
595,4.0,1.0,0.5,30,2020-05-05,2021-05-05,2021-05-05,2025-05-04,-10.993657898228138,31.664525765725337,-10.993657898228138,175.12287171714348,2315.1641654744744,2060.6429373398423,5669.300025045872
453,3.0,3.5,1.0,30,2018-05-06,2021-11-03,2021-11-03,2024-11-02,-46.22327338261585,31.690466501062687,-88.538698105784,128.21041578099067,5698.239772796631,653.09246301651,1490.4250252842903
27,1.0,2.0,3.5,30,2019-05-06,2021-05-05,2021-05-05,2022-05-05,-47.02716251153941,31.716454331770905,-71.93878488421144,31.716454331770905,3898.423544406891,1093.9450169205666,1440.9055886268616
330,2.5,2.0,4.5,30,2016-11-05,2018-11-05,2018-11-05,2021-05-05,-41.37920440404942,31.820431432595697,-64.85586998105354,99.43090582692994,8854.325317382812,3111.7756018415093,6205.842270053923
575,3.5,4.5,2.0,30,2015-11-05,2020-05-05,2020-05-05,2023-11-03,-35.8295075113609,31.85890644976128,-86.42483079223501,163.15923202736843,10465.099407196045,1420.654952287674,3738.5846621990204
6,1.0,1.0,3.5,30,2020-05-05,2021-05-05,2021-05-05,2022-05-05,-10.993657898228138,31.88427376076046,-10.993657898228138,31.884273760760458,2315.1641654744744,2060.6429373398423,2717.663972713053
210,2.0,1.5,1.0,30,2021-05-05,2022-11-03,2022-11-03,2024-11-02,-37.02506336909126,31.957449929211368,-49.99346977769494,73.99544237193817,19135.34948372841,9568.924322724342,16649.492205560207
182,1.5,4.5,3.0,30,2016-11-04,2021-05-05,2021-05-05,2022-11-03,-35.43369002875018,31.97238272843692,-86.04381927812396,51.55125652189094,2662.1211738586426,371.53044205904007,563.0590533018112
192,1.5,5.0,3.0,30,2016-05-06,2021-05-05,2021-05-05,2022-11-03,-27.86427890825539,32.22656708269729,-80.46776739815533,51.98890778666262,2584.8651247024536,504.88186860084534,767.3644376993179
242,2.0,3.0,0.5,30,2020-05-05,2023-05-05,2023-05-05,2025-05-04,-6.263809682369925,32.233489692279306,-17.63894594755613,74.36513165675134,9926.58783698082,8175.642373979092,14255.469589173794
340,2.5,3.0,0.0,30,2020-05-05,2023-05-05,2023-05-05,2025-11-02,-6.263809682369925,32.233489692279306,-17.63894594755613,74.36513165675134,9926.58783698082,8175.642373979092,14255.469589173794
393,2.5,5.0,4.5,30,2013-11-06,2018-11-05,2018-11-05,2021-05-05,-17.135241772402733,32.36968581494961,-60.9294668273598,101.51366951930345,6886.506131604314,2690.5946625843644,5421.916036464274
258,2.0,3.5,2.5,30,2017-11-05,2021-05-05,2021-05-05,2023-05-05,-43.91596898128692,32.43898614507235,-86.61614133034841,75.40085051134665,2701.696455001831,361.5912352204323,634.2341019511223
169,1.5,4.0,2.0,30,2018-05-06,2022-05-05,2022-05-05,2023-11-03,-31.34463713183484,32.58617187522259,-77.6862286539518,52.60878738058234,6701.0095500946045,1495.247948884964,2281.8797631263733
170,1.5,4.0,2.5,30,2017-11-05,2021-11-04,2021-11-04,2023-05-05,-45.56968309790827,32.609248637684814,-90.95357496891417,52.648595301525944,6336.5138511657715,573.2279751300812,875.0244519114494
114,1.5,1.5,1.0,30,2021-11-03,2023-05-05,2023-05-05,2024-11-02,-49.61485571648044,32.79113167615919,-64.26893548833661,52.84366178453648,14883.403049468994,5317.9983451366425,8128.223404347897
773,4.5,4.5,1.5,30,2015-05-07,2019-11-05,2019-11-05,2024-05-04,-31.009380677680564,33.002425146798565,-81.19235751950379,260.46160130233574,5391.916215896606,1014.0923247337341,3655.4134324193
319,2.5,1.5,4.5,30,2017-05-06,2018-11-05,2018-11-05,2021-05-05,-52.62480845240295,33.02040960414565,-67.16696064362164,103.99801941207627,7795.943321228027,2559.645138859749,5221.625387251377
355,2.5,3.5,1.0,30,2018-11-04,2022-05-05,2022-05-05,2024-11-02,-27.47198047655022,33.068906279635144,-67.39139535297937,104.02414407151798,5679.97536277771,1852.1607100963593,3778.8550356030464
220,2.0,2.0,0.5,30,2021-05-05,2023-05-05,2023-05-05,2025-05-04,-40.70290829232975,33.080765195165384,-64.83854915012145,63.800319093004966,14323.815882444382,5036.461481332779,8249.739977419376
317,2.5,2.0,0.0,30,2021-05-05,2023-05-05,2023-05-05,2025-11-02,-40.70290829232975,33.080765195165384,-64.83854915012145,63.800319093004966,14323.815882444382,5036.461481332779,8249.739977419376
237,2.0,2.5,3.0,30,2018-05-06,2020-11-03,2020-11-03,2022-11-03,-57.882027696391184,33.207206912018414,-88.39056504129043,77.44159973301286,3343.3677792549133,388.146107763052,688.7326629161835
389,2.5,5.0,2.0,30,2016-05-06,2021-05-05,2021-05-05,2023-11-03,-27.86427890825539,33.38593197676272,-80.46776739815533,105.40153524534858,2584.8651247024536,504.88186860084534,1037.03510928154
333,2.5,2.5,1.0,30,2019-11-04,2022-05-05,2022-05-05,2024-11-02,-16.389535004594624,33.78078095383585,-36.09348946121003,106.75922272250801,14300.495166063309,9138.947450399399,18895.61671346426
464,3.0,4.0,1.5,30,2017-05-06,2021-05-05,2021-05-05,2024-05-04,-36.75410968201768,34.05683293349115,-83.87092376352304,140.72329995964324,3654.417149543762,589.4237280488014,1418.8802489042282
638,4.0,3.0,0.5,30,2018-05-06,2021-05-05,2021-05-05,2025-05-04,-47.32698934047487,34.32635934302952,-85.26281005997416,194.40865160173902,3480.190891265869,512.8823419213295,1509.969987154007
735,4.5,3.0,0.0,30,2018-05-06,2021-05-05,2021-05-05,2025-11-02,-47.32698934047487,34.32635934302952,-85.26281005997416,194.40865160173902,3480.190891265869,512.8823419213295,1509.969987154007
341,2.5,3.0,1.0,30,2019-05-06,2022-05-05,2022-05-05,2024-11-02,-29.292266543759048,34.33465867728411,-64.64907775035542,108.90238109591859,5977.919693470001,2113.2497429847717,4414.629031598568
488,3.0,5.0,2.5,30,2015-05-07,2020-05-05,2020-05-05,2023-05-05,-32.7371265402756,34.34809067660449,-86.23180266870972,142.49036999263691,6213.33309841156,855.4639618396759,2074.4177262187004
751,4.5,3.5,1.5,30,2016-05-06,2019-11-05,2019-11-05,2024-05-04,-37.379350183729244,34.421008395290855,-80.58072437499153,278.0717465286623,5362.085268497467,1041.2781175374985,3936.7783651947975
289,2.0,5.0,1.5,30,2017-05-06,2022-05-05,2022-05-05,2024-05-04,-27.674737654137683,34.68146832286529,-80.09242306542555,81.24307293911033,7028.465436935425,1399.1971641778946,2535.947936832905
784,4.5,5.0,1.5,30,2014-11-06,2019-11-05,2019-11-05,2024-05-04,-30.914512522560756,34.78495340884531,-84.38970242531579,282.69570212645215,7616.409792900085,1188.9442331790924,4550.03848105669
302,2.5,1.0,2.5,30,2019-11-05,2020-11-04,2020-11-04,2023-05-05,-64.2981186755791,34.84174741172874,-64.2981186755791,111.04889767578005,2707.378426551819,966.5850328505039,2039.9670569300652
244,2.0,3.0,1.5,30,2019-05-06,2022-05-05,2022-05-05,2024-05-04,-29.292266543759048,35.14144257526644,-64.64907775035542,82.48147228773335,5977.919693470001,2113.2497429847717,3856.2892441153526
698,4.5,1.0,0.5,30,2019-11-05,2020-11-04,2020-11-04,2025-05-04,-64.2981186755791,35.372954689170676,-64.2981186755791,261.85952274267083,2707.378426551819,966.5850328505039,3497.6799867749214
106,1.5,1.0,4.5,30,2018-11-05,2019-11-05,2019-11-05,2021-05-05,-65.17420462712823,35.413207821497416,-65.17420462712823,57.51110629935078,2958.7949741482735,1030.4238831996918,1623.0320580005646
490,3.0,5.0,3.0,30,2014-11-05,2019-11-04,2019-11-04,2022-11-03,-30.988986081775593,35.49078617361418,-84.34719983348577,148.7306405041171,7569.280337899923,1184.8043253347278,2946.9713871255517
871,5.0,4.5,1.0,30,2015-05-07,2019-11-04,2019-11-04,2024-11-02,-31.009468873104083,35.5678334535724,-81.17332896467846,357.5317159637082,5391.916215896606,1015.1183284670115,4644.48830729723
123,1.5,1.5,4.5,30,2018-05-06,2019-11-05,2019-11-05,2021-05-05,-68.82700393080054,35.652727379199625,-82.3227300883496,57.92881836406946,2993.181123971939,529.1127062290907,835.6214447617531
516,3.5,2.0,1.0,30,2019-05-06,2021-05-05,2021-05-05,2024-11-02,-47.02716251153941,35.732907492336416,-71.93878488421144,190.97303958234514,3898.423544406891,1093.9450169205666,3183.0850670933723
530,3.5,2.5,1.5,30,2018-05-06,2020-11-04,2020-11-04,2024-05-04,-57.86635915437515,35.73387928310523,-88.40726680201405,190.98032244396873,3343.3677792549133,387.58770647644997,1127.8039580583572
331,2.5,2.5,1.5,30,2019-05-06,2021-11-04,2021-11-04,2024-05-04,-37.62494987898217,35.77186643401367,-69.29235847903492,114.52537850105648,5621.477852344513,1726.2232670783997,3703.18699747324
813,5.0,2.0,0.0,30,2018-11-04,2020-11-03,2020-11-03,2025-11-02,-55.7846961772247,35.792854093314965,-80.46969458276912,267.7722428443845,4103.8165555000305,801.4879070520401,2947.6500518918037
703,4.5,1.5,0.5,30,2019-05-06,2020-11-04,2020-11-04,2025-05-04,-63.217429707124985,35.834995229606115,-77.72241550544122,266.69075142671716,3851.2255016565323,857.9600152075291,3146.060026705265
802,5.0,1.5,0.0,30,2019-05-06,2020-11-03,2020-11-03,2025-11-02,-63.51595763953338,36.10842734732207,-77.93244153212083,270.18069806736673,3851.2255016565323,849.8714393079281,3146.060026705265
474,3.0,4.5,1.0,30,2017-05-06,2021-11-03,2021-11-03,2024-11-02,-44.50706500361199,36.35619847777141,-92.87365284780881,153.31195245819856,6619.999777793884,471.7641656398773,1195.035018980503
388,2.5,5.0,1.5,30,2016-11-05,2021-11-04,2021-11-04,2024-05-04,-39.560260551652235,36.42035678531712,-91.89867453060947,117.09191745918099,6220.009511947632,503.903214789927,1093.933151125908
848,5.0,3.5,1.0,30,2016-05-06,2019-11-04,2019-11-04,2024-11-02,-37.513297132144544,36.44404193402975,-80.70093021526549,372.50144654397445,5326.835265636444,1028.0296552330256,4857.454991877079
290,2.0,5.0,2.0,30,2016-11-04,2021-11-03,2021-11-03,2023-11-03,-39.32145398168824,36.65187352905643,-91.7742438982605,86.73734539001231,6272.832494735718,515.9879016876221,963.542110145092
386,2.5,5.0,1.0,30,2017-05-06,2022-05-05,2022-05-05,2024-11-02,-27.674737654137683,36.92569032368902,-80.09242306542555,119.10457748774054,7028.465436935425,1399.1971641778946,3065.7050347924232
177,1.5,4.5,2.0,30,2017-11-04,2022-05-05,2022-05-05,2023-11-03,-29.850013036956714,36.96314475977216,-79.56709914373502,60.220635613603754,6363.349158287048,1300.2168246507645,2083.2156608104706
377,2.5,4.5,2.0,30,2016-11-04,2021-05-05,2021-05-05,2023-11-03,-35.43369002875018,37.04597902408431,-86.04381927812396,119.77498354265705,2662.1211738586426,371.53044205904007,816.5309678912163
478,3.0,4.5,3.0,30,2015-05-07,2019-11-04,2019-11-04,2022-11-03,-31.009468873104083,37.21925931530421,-81.17332896467846,158.37186034877087,5391.916215896606,1015.1183284670115,2622.780110001564
304,2.5,1.0,3.5,30,2018-11-05,2019-11-05,2019-11-05,2022-05-05,-66.18856617498106,37.224824472946835,-66.18856617498105,120.49230923878116,3005.7106922268867,1016.2738816738129,2240.8057498931885
370,2.5,4.0,3.5,30,2015-11-06,2019-11-05,2019-11-05,2022-05-05,-36.09095602643715,37.33555425137154,-83.3179551817264,120.93713477808143,10018.652868747711,1671.3161617517471,3692.558040857315
398,3.0,1.0,1.5,30,2020-05-05,2021-05-05,2021-05-05,2024-05-04,-10.993657898228138,37.435443127751334,-10.993657898228138,159.3688930012212,2315.1641654744744,2060.6429373398423,5344.666775286198
586,3.5,5.0,2.0,30,2015-05-07,2020-05-05,2020-05-05,2023-11-03,-32.7371265402756,37.43970237620129,-86.23180266870972,204.23104297433406,6213.33309841156,855.4639618396759,2602.586933374405
674,4.0,4.5,1.5,30,2015-11-06,2020-05-05,2020-05-05,2024-05-04,-36.16767530849505,37.5140946662867,-86.72758224494248,257.2809186433576,10703.814320087433,1420.654952287674,5075.729064285755
149,1.5,3.0,3.0,30,2018-05-06,2021-05-05,2021-05-05,2022-11-03,-47.32698934047487,37.65599901203598,-85.26281005997416,61.43681603785593,3480.190891265869,512.8823419213295,827.9809228181839
748,4.5,3.5,0.0,30,2017-11-04,2021-05-05,2021-05-05,2025-11-02,-43.91596898128692,37.82685804268509,-86.61614133034841,225.68267038581982,2701.696455001831,361.5912352204323,1177.639990746975
649,4.0,3.5,0.5,30,2017-11-05,2021-05-05,2021-05-05,2025-05-04,-43.91596898128692,37.82685804268509,-86.61614133034841,225.68267038581982,2701.696455001831,361.5912352204323,1177.639990746975
562,3.5,4.0,1.0,30,2017-05-06,2021-05-05,2021-05-05,2024-11-02,-36.75410968201768,38.15774911320548,-83.87092376352304,209.55404757598518,3654.417149543762,589.4237280488014,1824.5850075483322
323,2.5,2.0,2.0,30,2019-05-06,2021-05-05,2021-05-05,2023-11-03,-47.02716251153941,38.34044536088123,-71.93878488421144,124.9986138867047,3898.423544406891,1093.9450169205666,2461.361124753952
345,2.5,3.0,2.0,30,2018-05-06,2021-05-05,2021-05-05,2023-11-03,-47.32698934047487,38.56147696322512,-85.26281005997416,125.89791842877173,3480.190891265869,512.8823419213295,1158.590534389019
880,5.0,5.0,0.5,30,2015-05-07,2020-05-05,2020-05-05,2025-05-04,-32.7371265402756,38.89732412497564,-86.23180266870972,372.73528261721003,6213.33309841156,855.4639618396759,4044.0799776911736
792,5.0,1.0,0.5,30,2019-05-06,2020-05-05,2020-05-05,2025-05-04,-77.63155312238163,38.96961633936438,-77.63155312238163,373.81257344247814,3348.272210240364,748.9564906656742,3548.6500223875046
628,4.0,2.5,1.0,30,2018-05-06,2020-11-03,2020-11-03,2024-11-02,-57.882027696391184,39.02501991767713,-88.39056504129043,273.2328218726385,3343.3677792549133,388.146107763052,1448.6886709928513
772,4.5,4.5,1.0,30,2015-11-05,2020-05-05,2020-05-05,2024-11-02,-35.8295075113609,39.12329324766479,-86.42483079223501,341.2756956364174,10465.099407196045,1420.654952287674,6269.005023300648
485,3.0,5.0,1.0,30,2016-11-04,2021-11-03,2021-11-03,2024-11-02,-39.32145398168824,39.15651197142418,-91.7742438982605,169.2262752888338,6272.832494735718,515.9879016876221,1389.1750086545944
255,2.0,3.5,1.0,30,2019-05-06,2022-11-03,2022-11-03,2024-11-02,-27.954257687798588,39.16489551961986,-68.24411807270498,93.49340345776224,5658.204386949539,1796.8127043247223,3476.7140553593636
379,2.5,4.5,3.0,30,2015-11-05,2020-05-05,2020-05-05,2022-11-03,-35.8295075113609,40.00000261073355,-86.42483079223501,131.8034706185857,10465.099407196045,1420.654952287674,3293.1274849176407
475,3.0,4.5,1.5,30,2016-11-05,2021-05-05,2021-05-05,2024-05-04,-35.56654685005868,40.368028317939995,-86.04381927812396,176.31287672566714,2662.1211738586426,371.53044205904007,1026.5864523649216
881,5.0,5.0,1.0,30,2014-11-05,2019-11-04,2019-11-04,2024-11-02,-30.988986081775593,40.40967886223869,-84.34719983348577,445.2320826348708,7569.280337899923,1184.8043253347278,6459.933298170567
457,3.0,3.5,3.0,30,2016-05-06,2019-11-04,2019-11-04,2022-11-03,-37.513297132144544,40.52269013938022,-80.70093021526549,177.48490690894653,5326.835265636444,1028.0296552330256,2852.627131819725
235,2.0,2.5,1.0,30,2020-05-05,2022-11-03,2022-11-03,2024-11-02,-0.5353694347152715,40.748662706659424,-1.3323286991642065,97.91643416324534,15711.43063030392,15502.102730967104,30681.208945453167
859,5.0,4.0,0.5,30,2016-05-06,2020-05-05,2020-05-05,2025-05-04,-39.3418401577348,40.875500149099395,-86.4619247185634,401.7738661462756,5416.87263917923,733.340295791626,3679.709954202175
159,1.5,3.5,1.5,30,2019-05-06,2022-11-04,2022-11-04,2024-05-04,-27.745764445395594,41.20908235432778,-67.94998411403559,67.56297881736081,5658.204386949539,1813.4554048776627,3038.679895937443
313,2.5,1.5,2.5,30,2019-05-06,2020-11-04,2020-11-04,2023-05-05,-63.217429707124985,41.27362227062679,-77.72241550544122,137.10850842839554,3851.2255016565323,857.9600152075291,2034.2961949706078
486,3.0,5.0,1.5,30,2016-05-06,2021-05-05,2021-05-05,2024-05-04,-27.86427890825539,41.87947915961776,-80.46776739815533,185.32678210082315,2584.8651247024536,504.88186860084534,1440.5631890892982
130,1.5,2.0,4.5,30,2017-11-05,2019-11-05,2019-11-05,2021-05-05,-63.886609193548374,41.896350565514304,-86.75978591271195,68.94628997497612,2390.4502458572388,316.500730201602,534.7162414193153
342,2.5,3.0,1.5,30,2018-11-05,2021-11-04,2021-11-04,2024-05-04,-38.09000748007721,42.11127219264823,-76.27084601389889,140.4053220361781,5225.452175140381,1239.9555931091309,2980.9192367196083
399,3.0,1.0,2.5,30,2019-05-06,2020-05-05,2020-05-05,2023-05-05,-77.63155312238163,42.13296359361922,-77.63155312238163,187.13387674450595,3348.272210240364,748.9564906656742,2150.507806777954
442,3.0,3.0,1.5,30,2018-05-06,2021-05-05,2021-05-05,2024-05-04,-47.32698934047487,42.1931207209431,-85.26281005997416,187.22147753551437,3480.190891265869,512.8823419213295,1473.1082404851913
583,3.5,5.0,1.0,30,2016-05-06,2021-05-05,2021-05-05,2024-11-02,-27.86427890825539,42.21725248255919,-80.46776739815533,242.53458165507925,2584.8651247024536,504.88186860084534,1729.3949964642525
356,2.5,3.5,2.0,30,2017-11-04,2021-05-05,2021-05-05,2023-11-03,-43.91596898128692,42.6331488936174,-86.61614133034841,142.851010284901,2701.696455001831,361.5912352204323,878.1279678344727
803,5.0,1.5,0.5,30,2018-11-05,2020-05-05,2020-05-05,2025-05-04,-66.1898078519507,42.900756128181314,-80.31132008314766,441.7559205906584,3447.095274448395,678.6875550150871,3676.8300116062164
503,3.5,1.0,1.0,30,2020-05-05,2021-05-05,2021-05-05,2024-11-02,-10.993657898228138,42.99621075701978,-10.993657898228138,249.13833182228996,2315.1641654744744,2060.6429373398423,7194.494376242161
243,2.0,3.0,1.0,30,2019-11-04,2022-11-03,2022-11-03,2024-11-02,-14.835638013233353,43.157402385804346,-38.23055607066294,104.73907259868945,12119.990224838257,7486.4505661726,15327.689459741116
167,1.5,3.5,5.0,30,2015-11-05,2019-05-06,2019-05-06,2020-11-03,-33.35086269492725,43.29513410559289,-75.84319542818338,71.44828656864877,11539.034854412079,2787.4620992541313,4779.056007921696
272,2.0,4.0,4.0,30,2015-11-05,2019-11-04,2019-11-04,2021-11-03,-35.76516794191008,43.315366894875226,-82.97518615115384,105.39294388212697,9772.571229457855,1663.7620600610971,3417.249874353409
466,3.0,4.0,2.5,30,2016-05-06,2020-05-05,2020-05-05,2023-05-05,-39.3418401577348,43.423234581380775,-86.4619247185634,195.02480933790895,5416.87263917923,733.340295791626,2163.535809457302
180,1.5,4.0,5.0,30,2015-05-07,2019-05-06,2019-05-06,2020-11-03,-26.604848880927857,43.53323961903719,-70.98186638621418,71.87540218339046,7980.843989849091,2315.8919724822044,3980.448641836643
267,2.0,4.0,1.5,30,2018-05-06,2022-05-05,2022-05-05,2024-05-04,-31.34463713183484,43.69400753726664,-77.6862286539518,106.27470539577915,6701.0095500946045,1495.247948884964,3084.31830149889
791,5.0,1.0,0.0,30,2019-11-04,2020-11-03,2020-11-03,2025-11-02,-62.800826575431735,43.728729816297964,-62.800826575431735,368.39620441614704,3080.7534925937653,1146.0148344933987,5367.889986813068
573,3.5,4.5,1.0,30,2016-11-04,2021-05-05,2021-05-05,2024-11-02,-35.43369002875018,44.33394062609955,-86.04381927812396,260.6904988108334,2662.1211738586426,371.53044205904007,1340.075004696846
205,2.0,1.0,4.0,30,2018-11-04,2019-11-04,2019-11-04,2021-11-03,-66.07848193723088,44.52158403049105,-66.14245443695704,108.86488250682282,3020.3227466344833,1022.607150092721,2135.867222547531
194,1.5,4.5,5.0,30,2014-11-05,2019-05-06,2019-05-06,2020-11-03,-27.263002925000446,44.92519756389277,-76.1378387052662,74.37937090055652,9876.44525489211,2356.733296908438,4109.656696952879
454,3.0,3.5,1.5,30,2017-11-05,2021-05-05,2021-05-05,2024-05-04,-43.91596898128692,45.045300252771845,-86.61614133034841,204.83758219438468,2701.696455001831,361.5912352204323,1102.265978872776
510,3.5,1.5,2.5,30,2018-05-06,2019-11-05,2019-11-05,2023-05-05,-69.61775395514323,45.51092648031556,-83.04449344159957,271.4595053114752,3251.2311232089996,551.2627063244581,2047.7177218794823
160,1.5,3.5,3.0,30,2017-11-04,2021-05-05,2021-05-05,2022-11-03,-43.91596898128692,45.53343451120355,-86.61614133034841,75.47729504098004,2701.696455001831,361.5912352204323,634.5105186700821
155,1.5,3.0,5.0,30,2016-05-06,2019-05-06,2019-05-06,2020-11-03,-32.93074489373803,45.93887979260567,-69.83033771015855,76.21043395064999,7441.065479278564,2244.944325864315,3955.8261385560036
420,3.0,2.0,1.5,30,2019-05-06,2021-05-05,2021-05-05,2024-05-04,-47.02716251153941,46.232092094614806,-71.93878488421144,212.37474044891547,3898.423544406891,1093.9450169205666,3417.2079072594643
122,1.5,1.5,5.0,30,2017-11-04,2019-05-06,2019-05-06,2020-11-03,-57.16448551310489,46.44408876922328,-70.98426837349717,77.12539073868186,6229.950240135193,1807.6656421422958,3201.834831893444
540,3.5,3.0,1.0,30,2018-05-06,2021-05-05,2021-05-05,2024-11-02,-47.32698934047487,46.689481228017414,-85.26281005997416,281.69157414699816,3480.190891265869,512.8823419213295,1957.6286844015121
365,2.5,4.0,1.0,30,2018-05-06,2022-05-05,2022-05-05,2024-11-02,-31.34463713183484,46.99931757914748,-77.6862286539518,161.5776894787147,6701.0095500946045,1495.247948884964,3911.2350366711617
617,4.0,2.0,1.0,30,2018-11-04,2020-11-03,2020-11-03,2024-11-02,-55.7846961772247,47.19785199703131,-80.46969458276912,368.97089019747045,4103.8165555000305,801.4879070520401,3758.744972527027
39,1.0,2.0,5.0,30,2017-11-04,2019-11-04,2019-11-04,2020-11-03,-65.59496731749054,47.21150635823002,-87.66519017626042,47.21150635823003,2646.55024433136,326.44693952798843,480.56745713949203
463,3.0,4.0,1.0,30,2017-11-04,2021-11-03,2021-11-03,2024-11-02,-45.88459536032278,47.55425823112105,-91.14609802666789,220.91673136874655,6336.5138511657715,561.0287249088287,1800.43504601717
268,2.0,4.0,2.0,30,2017-11-04,2021-11-03,2021-11-03,2023-11-03,-45.88459536032278,47.58166504992185,-91.14609802666789,117.80347858907328,6336.5138511657715,561.0287249088287,1221.9400787353516
605,4.0,1.5,1.0,30,2019-05-06,2020-11-03,2020-11-03,2024-11-02,-63.51595763953338,47.60330905605339,-77.93244153212083,374.15583399561325,3851.2255016565323,849.8714393079281,4029.7150109410286
278,2.0,4.5,1.5,30,2017-11-05,2022-05-05,2022-05-05,2024-05-04,-29.850013036956714,47.74919870113745,-79.56709914373502,118.0649248026947,6363.349158287048,1300.2168246507645,2835.3168409466743
412,3.0,1.5,2.5,30,2018-11-05,2020-05-05,2020-05-05,2023-05-05,-66.1898078519507,47.80733030752964,-80.31132008314766,222.9147764011194,3447.095274448395,678.6875550150871,2191.582400739193
198,1.5,5.0,5.0,30,2014-05-07,2019-05-06,2019-05-06,2020-11-03,-19.36773420183909,47.965513791802515,-65.91648952815578,79.89026567051218,6932.786448910832,2362.936995305121,4250.6936384812
73,1.0,4.0,3.5,30,2017-05-06,2021-05-05,2021-05-05,2022-05-05,-36.75410968201768,48.07329100743962,-83.87092376352304,48.073291007439614,3654.417149543762,589.4237280488014,872.7791121006012
145,1.5,2.5,5.0,30,2016-11-04,2019-05-06,2019-05-06,2020-11-03,-40.903583287806775,48.44276856006822,-73.1718984800718,80.76050920499773,8245.32932817936,2212.065322816372,3998.540541470051
685,4.0,5.0,1.5,30,2015-05-07,2020-05-05,2020-05-05,2024-05-04,-32.7371265402756,48.67513976758047,-86.23180266870972,388.0693504359317,6213.33309841156,855.4639618396759,4175.257401764393
518,3.5,2.0,1.5,30,2018-11-05,2020-11-04,2020-11-04,2024-05-04,-55.65164985019706,48.7752567829113,-80.33223838990473,301.00376436178374,4065.7906527519226,799.6500131487846,3206.626654446125
77,1.0,4.5,1.0,30,2019-05-06,2023-11-03,2023-11-03,2024-11-02,-25.362595254769104,48.99950194451546,-73.17878689309323,48.8368046851168,5561.783909082413,1491.737914800644,2220.2550466656685
846,5.0,3.5,0.0,30,2017-05-06,2020-11-03,2020-11-03,2025-11-02,-46.27510939711379,49.18544287581601,-88.50786851510041,443.99016485881606,3639.51251411438,418.2575635313988,2275.2800093889236
705,4.5,1.5,1.5,30,2018-05-06,2019-11-05,2019-11-05,2024-05-04,-69.61775395514323,49.26196321013079,-83.04449344159957,505.41937199481123,3251.2311232089996,551.2627063244581,3337.451214671135
375,2.5,4.5,1.0,30,2017-11-04,2022-05-05,2022-05-05,2024-11-02,-29.850013036956714,49.39007192629834,-79.56709914373502,172.32527458833164,6363.349158287048,1300.2168246507645,3540.8190379738808
694,4.5,1.0,1.0,30,2019-05-06,2020-05-05,2020-05-05,2024-11-02,-77.63155312238163,49.55112787986995,-77.63155312238163,510.71038264536116,3348.272210240364,748.9564906656742,4573.955049991608
522,3.5,2.0,2.5,30,2017-11-05,2019-11-05,2019-11-05,2023-05-05,-65.22856436066687,49.63537520084469,-87.44300849729554,309.6190974415408,2721.355080604553,341.7203262299299,1399.7517160773277
825,5.0,2.5,0.5,30,2017-11-05,2020-05-05,2020-05-05,2025-05-04,-63.14468986155492,49.65300768426235,-91.34099554354161,575.2482903510427,3027.495575904846,262.15097683668137,1770.1699892282486
176,1.5,4.5,1.0,30,2018-11-04,2023-05-05,2023-05-05,2024-11-02,-27.347237349430632,49.690987572727074,-76.14521472675084,82.84096227872858,6632.689519882202,1582.2138428092003,2892.935015499592
165,1.5,4.0,1.0,30,2019-05-06,2023-05-05,2023-05-05,2024-11-02,-30.23614957092754,49.741870842015445,-76.31236135697283,82.9339422119203,5752.083869218826,1362.5328413844109,2492.535040676594
135,1.5,2.0,5.0,30,2017-05-06,2019-05-06,2019-05-06,2020-11-03,-49.489046310708154,49.76368827540691,-74.21214465566844,83.17639499370937,8031.069646835327,2071.040623128414,3793.6575523018837
551,3.5,3.5,1.0,30,2017-11-04,2021-05-05,2021-05-05,2024-11-02,-43.91596898128692,49.826961496567,-86.61614133034841,311.001398513316,2701.696455001831,361.5912352204323,1486.1450336575508
217,2.0,1.5,4.5,30,2017-11-05,2019-05-06,2019-05-06,2021-05-05,-56.88969311954004,50.32806810758799,-70.98688930195884,125.9852806095961,5943.229113578796,1724.315641760826,3896.6995416283607
89,1.0,5.0,1.0,30,2018-11-04,2023-11-03,2023-11-03,2024-11-02,-24.406429483459203,50.39646994150424,-75.1971121508898,50.228406340907085,6095.746437072754,1511.9211523532867,2271.3350523114204
564,3.5,4.0,2.0,30,2016-05-06,2020-05-05,2020-05-05,2023-11-03,-39.3418401577348,50.40272613546093,-86.4619247185634,317.0154664092735,5416.87263917923,733.340295791626,3058.1424548625946
737,4.5,3.0,0.5,30,2017-11-05,2020-11-04,2020-11-04,2025-05-04,-50.798661533176585,50.49797558237587,-87.92191145087959,467.51028045747444,3695.0505027770996,446.2914716601372,2532.7499824762344
34,1.0,2.5,1.0,30,2021-05-05,2023-11-03,2023-11-03,2024-11-02,-27.654827963734675,50.713592088519334,-55.46346001287109,50.5443053445837,16726.240445375443,7449.288764297962,11214.48002332449
718,4.5,2.0,1.5,30,2017-11-05,2019-11-05,2019-11-05,2024-05-04,-65.22856436066687,50.774935042246106,-87.44300849729554,533.5024745655863,2721.355080604553,341.7203262299299,2164.8067227602005
815,5.0,2.0,1.0,30,2017-11-04,2019-11-04,2019-11-04,2024-11-02,-65.59496731749054,50.947663355965055,-87.66519017626042,682.7841758276768,2646.55024433136,326.44693952798843,2555.374985098839
749,4.5,3.5,0.5,30,2017-05-06,2020-11-04,2020-11-04,2025-05-04,-46.43807009926736,50.94886281482134,-88.64700929628748,471.78989926515715,3532.759813308716,401.07389318943024,2293.3000098466873
857,5.0,4.0,0.0,30,2016-11-04,2020-11-03,2020-11-03,2025-11-02,-41.47322078703426,50.95921163893091,-88.26674524008608,472.58384742246244,3501.942102432251,410.89178842306137,2352.700010895729
392,2.5,5.0,3.5,30,2014-11-06,2019-11-05,2019-11-05,2022-05-05,-30.914512522560756,50.959586973914206,-84.38970242531579,179.83802861870748,7616.409792900085,1188.9442331790924,3327.118103504181
758,4.5,4.0,0.5,30,2016-11-05,2020-11-04,2020-11-04,2025-05-04,-41.55928995769611,51.00845315089868,-88.26992378435645,472.73900268949313,3501.942102432251,410.780477643013,2352.700010895729
433,3.0,2.5,2.5,30,2017-11-05,2020-05-05,2020-05-05,2023-05-05,-63.14468986155492,51.53839603992465,-91.34099554354161,247.99103716279868,3027.495575904846,262.15097683668137,912.2619032263756
195,1.5,5.0,4.0,30,2015-05-07,2020-05-05,2020-05-05,2021-11-03,-32.7371265402756,52.01353528296282,-86.23180266870972,87.31572392758824,6213.33309841156,855.4639618396759,1602.418513059616
56,1.0,3.5,1.5,30,2019-11-05,2023-05-05,2023-05-05,2024-05-04,-16.84936702641371,52.03427306334305,-47.562831608907295,51.85987289871933,11559.129050254822,6061.279964625835,9204.652050316334
138,1.5,2.5,3.5,30,2018-05-06,2020-11-04,2020-11-04,2022-05-05,-57.86635915437515,52.14105255645735,-88.40726680201405,87.55125394368693,3343.3677792549133,387.58770647644997,726.9256036281586
500,3.5,1.0,2.0,30,2019-05-06,2020-05-05,2020-05-05,2023-11-03,-77.63155312238163,52.23527343024767,-77.63155312238163,335.0643518266367,3348.272210240364,748.9564906656742,3258.4427015781403
422,3.0,2.0,2.0,30,2018-11-04,2020-11-03,2020-11-03,2023-11-03,-55.7846961772247,52.36986353328472,-80.46969458276912,253.75064121751686,4103.8165555000305,801.4879070520401,2835.2686104774475
783,4.5,5.0,1.0,30,2015-05-07,2020-05-05,2020-05-05,2024-11-02,-32.7371265402756,52.66357320663104,-86.23180266870972,569.9684124116596,6213.33309841156,855.4639618396759,5731.338323891163
704,4.5,1.5,1.0,30,2018-11-04,2020-05-05,2020-05-05,2024-11-02,-66.1898078519507,53.13502704223843,-80.31019779088703,579.3206988881001,3446.8987946510315,678.6875550150871,4610.4650419950485
275,2.0,4.0,4.5,30,2015-05-07,2019-05-06,2019-05-06,2021-05-05,-26.604848880927857,53.52074028976881,-70.98186638621418,135.68617699118644,7980.843989849091,2315.8919724822044,5458.237253189087
67,1.0,4.0,1.5,30,2019-05-06,2023-05-05,2023-05-05,2024-05-04,-30.23614957092754,53.58701346418382,-76.31236135697283,53.406561364995156,5752.083869218826,1362.5328413844109,2090.2147794365883
284,2.0,4.5,4.5,30,2014-11-06,2019-05-06,2019-05-06,2021-05-05,-26.98118096879927,53.652010796973684,-76.06558139928765,136.08940421953318,9919.177127450705,2374.0973754301667,5604.992349244654
601,4.0,1.0,1.5,30,2019-05-06,2020-05-05,2020-05-05,2024-05-04,-77.63155312238163,53.87442738866453,-77.63155312238163,459.95485493955874,3348.272210240364,748.9564906656742,4193.818230867386
94,1.0,5.0,3.5,30,2016-05-06,2021-05-05,2021-05-05,2022-05-05,-27.86427890825539,53.95301034361397,-80.46776739815533,53.95301034361397,2584.8651247024536,504.88186860084534,777.2808353900909
213,2.0,1.5,3.0,30,2019-05-06,2020-11-03,2020-11-03,2022-11-03,-63.51595763953338,54.022618448416225,-77.93244153212083,137.22966993706405,3851.2255016565323,849.8714393079281,2016.1472103595734
411,3.0,1.5,2.0,30,2019-05-06,2020-11-03,2020-11-03,2023-11-03,-63.51595763953338,54.18120315287265,-77.93244153212083,266.517141744748,3851.2255016565323,849.8714393079281,3114.924507856369
760,4.5,4.0,1.0,30,2016-05-06,2020-05-05,2020-05-05,2024-11-02,-39.3418401577348,54.234599647247286,-86.4619247185634,601.5276569604905,5416.87263917923,733.340295791626,5144.584994614124
607,4.0,1.5,2.0,30,2018-05-06,2019-11-04,2019-11-04,2023-11-03,-69.85283324704163,54.34179769313254,-83.16322777493426,467.4586460751761,3194.027445077896,537.7711257338524,3051.6287490725517
50,1.0,3.0,3.5,30,2018-05-06,2021-05-05,2021-05-05,2022-05-05,-47.32698934047487,54.3692142375118,-85.26281005997416,54.3692142375118,3480.190891265869,512.8823419213295,791.7324411869049
251,2.0,3.0,4.5,30,2016-05-06,2019-05-06,2019-05-06,2021-05-05,-32.93074489373803,54.48321661449664,-69.83033771015855,138.6506421556149,7441.065479278564,2244.944325864315,5357.574049711227
544,3.5,3.0,2.5,30,2016-11-05,2019-11-05,2019-11-05,2023-05-05,-49.28368517279695,54.51626551413531,-86.8833588475434,358.30103958971193,3657.95222055912,479.800466299057,2198.9305250048637
262,2.0,3.5,4.5,30,2015-11-06,2019-05-06,2019-05-06,2021-05-05,-34.821074484012456,54.56947050798324,-77.63186184758773,138.917212131183,10785.402820587158,2412.493803203106,5763.862937450409
47,1.0,3.0,3.0,30,2018-11-04,2021-11-03,2021-11-03,2022-11-03,-38.85416338026254,54.61205639552087,-77.12621243010808,54.61205639552087,5154.861644268036,1179.1121020317078,1823.0494681596756
663,4.0,4.0,1.5,30,2016-05-06,2020-05-05,2020-05-05,2024-05-04,-39.3418401577348,54.6801053453206,-86.4619247185634,471.76667364513395,5416.87263917923,733.340295791626,4192.995415747166
116,1.5,1.5,3.5,30,2019-05-06,2020-11-04,2020-11-04,2022-05-05,-63.217429707124985,54.72320431020774,-77.72241550544122,92.3417271763321,3851.2255016565323,857.9600152075291,1650.215111732483
380,2.5,4.5,3.5,30,2015-05-07,2019-11-05,2019-11-05,2022-05-05,-31.009380677680564,54.84181659280472,-81.19235751950379,198.16765076433492,5391.916215896606,1014.0923247337341,3023.6952612400055
35,1.0,2.5,1.5,30,2020-11-04,2023-05-05,2023-05-05,2024-05-04,-17.774424024437497,55.24565566390809,-38.67553900998323,55.05869155689616,14679.869733572006,9002.350988149643,13958.927651584148
509,3.5,1.5,2.0,30,2018-11-04,2020-05-05,2020-05-05,2023-11-03,-66.1898078519507,55.266709298274975,-80.31019779088703,366.13581140012553,3446.8987946510315,678.6875550150871,3163.60574144125
202,2.0,1.0,3.0,30,2019-11-04,2020-11-03,2020-11-03,2022-11-03,-62.800826575431735,55.467063526495394,-62.800826575431735,141.70007841551356,3080.7534925937653,1146.0148344933987,2769.9187536239624
108,1.5,1.0,3.5,30,2019-11-05,2020-11-04,2020-11-04,2022-05-05,-64.2981186755791,55.586969548873256,-64.2981186755791,93.95315823578058,2707.378426551819,966.5850328505039,1874.7221982479095
606,4.0,1.5,1.5,30,2018-11-05,2020-05-05,2020-05-05,2024-05-04,-66.1898078519507,55.913471617780196,-80.31132008314766,490.20939562149033,3447.095274448395,678.6875550150871,4005.677716612816
531,3.5,2.5,2.0,30,2017-11-04,2020-05-05,2020-05-05,2023-11-03,-63.14468986155492,55.977818151628746,-91.34099554354161,373.6477450327147,3027.495575904846,262.15097683668137,1241.6721903681755
303,2.5,1.0,3.0,30,2019-05-06,2020-05-05,2020-05-05,2022-11-03,-77.63155312238163,56.26854384749485,-77.63155312238163,205.07971763520305,3348.272210240364,748.9564906656742,2284.914346933365
391,2.5,5.0,3.0,30,2015-05-07,2020-05-05,2020-05-05,2022-11-03,-32.7371265402756,56.459317129070755,-86.23180266870972,206.01116532897487,6213.33309841156,855.4639618396759,2617.815238595009
497,3.5,1.0,1.5,30,2019-11-05,2020-11-04,2020-11-04,2024-05-04,-64.2981186755791,57.39857380841917,-64.2981186755791,388.30726171859465,2707.378426551819,966.5850328505039,4719.904906094074
847,5.0,3.5,0.5,30,2016-11-05,2020-05-05,2020-05-05,2025-05-04,-51.42458344300091,57.41526038973763,-91.92629057128964,759.2911985315612,2862.417417526245,231.10326492786407,1985.8500150442123
619,4.0,2.0,2.0,30,2017-11-04,2019-11-04,2019-11-04,2023-11-03,-65.59496731749054,57.47921420937203,-87.66519017626042,515.0252643251271,2646.55024433136,326.44693952798843,2007.7311527132988
836,5.0,3.0,0.0,30,2017-11-04,2020-11-03,2020-11-03,2025-11-02,-50.699463777960155,57.56820394338826,-87.82825624450756,591.9330031094823,3744.500499725342,455.77100574970245,3153.6300073862076
814,5.0,2.0,0.5,30,2018-05-06,2020-05-05,2020-05-05,2025-05-04,-68.82339643667595,57.65094284767851,-90.17881552743772,762.6746147159681,2834.055827140808,278.3378508388996,2401.1499823331833
359,2.5,3.5,3.5,30,2016-05-06,2019-11-05,2019-11-05,2022-05-05,-37.379350183729244,57.74785379830563,-80.58072437499153,212.34709084005056,5362.085268497467,1041.2781175374985,3252.401907682419
66,1.0,4.0,1.0,30,2019-11-04,2023-11-03,2023-11-03,2024-11-02,-8.94047364597741,57.86246400895641,-31.24543352998444,57.66512789757362,12095.845515489578,8316.446145057678,13112.13545113802
240,2.0,2.5,4.5,30,2016-11-05,2019-05-06,2019-05-06,2021-05-05,-41.213836301923614,58.23881986120427,-72.92243581869357,150.39524111066655,7798.579328179359,2111.665322817862,5287.509476520121
423,3.0,2.0,2.5,30,2018-05-06,2020-05-05,2020-05-05,2023-05-05,-68.82339643667595,58.301582526627335,-90.17881552743772,296.69412572713696,2834.055827140808,278.3378508388996,1104.1499039530754
869,5.0,4.5,0.0,30,2016-05-06,2020-11-03,2020-11-03,2025-11-02,-35.55284738068229,58.3145009721401,-86.14271436608358,601.3617604909896,2785.3773889541626,385.9777007699013,2707.0999972224236
879,5.0,5.0,0.0,30,2015-11-05,2020-11-03,2020-11-03,2025-11-02,-32.5386277300284,58.32367322462826,-86.02744409704714,601.6534601121291,2769.685695171356,386.9958820939064,2715.36999720335
781,4.5,5.0,0.5,30,2015-11-06,2020-11-04,2020-11-04,2025-05-04,-32.61551871826942,58.48567366522337,-86.10689084659424,603.8523564496961,2776.8217239379883,385.7868731021881,2715.36999720335
631,4.0,2.5,2.0,30,2017-05-06,2019-11-04,2019-11-04,2023-11-03,-56.21960135076775,58.49901244154243,-87.04698255512177,531.1117158657534,3713.6856184005737,481.0343459993601,3035.8641149401665
771,4.5,4.5,0.5,30,2016-05-06,2020-11-04,2020-11-04,2025-05-04,-35.59422470043915,58.512157495606544,-86.19933831598165,604.2394394092724,2785.3773889541626,384.40051007270813,2707.0999972224236
508,3.5,1.5,1.5,30,2019-05-06,2020-11-04,2020-11-04,2024-05-04,-63.217429707124985,58.660905085052484,-77.72241550544122,402.1354660698985,3851.2255016565323,857.9600152075291,4308.121521055698
413,3.0,1.5,3.0,30,2018-05-06,2019-11-04,2019-11-04,2022-11-03,-69.85283324704163,58.688078162903466,-83.16322777493426,299.60682915864624,3194.027445077896,537.7711257338524,2148.970143675804
642,4.0,3.0,2.0,30,2016-11-04,2019-11-04,2019-11-04,2023-11-03,-49.16708084326062,58.72099296407174,-86.86484653349407,534.6546802853642,3657.95222055912,480.4776379019022,3049.3738166689873
827,5.0,2.5,1.0,30,2017-05-06,2019-11-04,2019-11-04,2024-11-02,-56.21960135076775,58.7475635637914,-87.04698255512177,906.8979582937452,3713.6856184005737,481.0343459993601,4843.525008559227
838,5.0,3.0,1.0,30,2016-11-04,2019-11-04,2019-11-04,2024-11-02,-49.16708084326062,58.856253253463755,-86.86484653349407,910.3477509975118,3657.95222055912,480.4776379019022,4854.495008587837
346,2.5,3.0,2.5,30,2017-11-05,2020-11-04,2020-11-04,2023-05-05,-50.798661533176585,59.13239573796214,-87.92191145087959,219.2420722216427,3695.0505027770996,446.2914716601372,1424.750142276287
300,2.0,5.0,4.5,30,2014-05-07,2019-05-06,2019-05-06,2021-05-05,-19.36773420183909,59.285604527334826,-65.91648952815578,153.7190380963851,6932.786448910832,2362.936995305121,5995.221015311778
90,1.0,5.0,1.5,30,2018-05-06,2023-05-05,2023-05-05,2024-05-04,-33.10488708602091,59.373205205000644,-86.56468693312041,59.16982708385533,7307.992903709412,981.8517255187035,1562.8116937279701
804,5.0,1.5,1.0,30,2018-05-06,2019-11-04,2019-11-04,2024-11-02,-69.85283324704163,59.45948327262256,-83.16322777493426,929.6664346263009,3194.027445077896,537.7711257338524,5537.24877679348
204,2.0,1.0,3.5,30,2019-05-06,2020-05-05,2020-05-05,2022-05-05,-77.63155312238163,59.96841433598763,-77.63155312238163,155.8989358517021,3348.272210240364,748.9564906656742,1916.571689605713
630,4.0,2.5,1.5,30,2017-11-05,2020-05-05,2020-05-05,2024-05-04,-63.14468986155492,59.990873311521085,-91.34099554354161,554.3674241703048,3027.495575904846,262.15097683668137,1715.4305945634842
596,4.0,1.0,1.0,30,2019-11-04,2020-11-03,2020-11-03,2024-11-02,-62.800826575431735,60.036313361535456,-62.800826575431735,555.1106358688684,3080.7534925937653,1146.0148344933987,7507.665069401264
229,2.0,2.0,4.5,30,2017-05-06,2019-05-06,2019-05-06,2021-05-05,-49.14167121427365,60.0669512986407,-73.93860670752407,156.21428898041415,7570.069646835327,1972.8656231760979,5054.763628959656
739,4.5,3.0,1.5,30,2016-11-05,2019-11-05,2019-11-05,2024-05-04,-49.28368517279695,60.23792086455168,-86.8833588475434,732.9182044962714,3657.95222055912,479.800466299057,3996.3454290628433
225,2.0,2.0,3.0,30,2018-11-04,2020-11-03,2020-11-03,2022-11-03,-55.7846961772247,60.29751963480432,-80.46969458276912,156.95294801070477,4103.8165555000305,801.4879070520401,2059.4468051195145
366,2.5,4.0,1.5,30,2017-11-05,2021-11-04,2021-11-04,2024-05-04,-45.56968309790827,60.50174024453936,-90.95357496891417,225.72787553128174,6336.5138511657715,573.2279751300812,1867.1633053421974
45,1.0,3.0,1.5,30,2020-05-05,2023-05-05,2023-05-05,2024-05-04,-6.263809682369925,60.87962056483738,-17.63894594755613,60.670178823859544,9926.58783698082,8175.642373979092,13135.819222271442
837,5.0,3.0,0.5,30,2017-05-06,2020-05-05,2020-05-05,2025-05-04,-56.18010762659068,61.02730003376762,-91.39039602586091,861.195095792726,3314.913882255554,285.4009573459625,2743.2600053548813
18,1.0,1.5,4.5,30,2018-11-05,2020-05-05,2020-05-05,2021-05-05,-66.30325478803377,61.39874359451578,-80.41024200062165,61.39874359451578,3332.5452752113342,652.8375546336174,1053.671610891819
728,4.5,2.5,1.0,30,2017-11-04,2020-05-05,2020-05-05,2024-11-02,-63.14468986155492,61.53261100164216,-91.34099554354161,763.6048939501435,3027.495575904846,262.15097683668137,2263.948665499687
282,2.0,4.5,3.5,30,2015-11-06,2020-05-05,2020-05-05,2022-05-05,-36.16767530849505,61.55781340198543,-86.72758224494248,161.00927071230743,10703.814320087433,1420.654952287674,3708.0411303043365
44,1.0,3.0,1.0,30,2020-11-03,2023-11-03,2023-11-03,2024-11-02,-20.189974714529658,61.670193233650885,-49.16388596811128,61.45755385825772,9195.453993082047,4674.611477673054,7547.513344228268
127,1.5,2.0,3.5,30,2018-11-05,2020-11-04,2020-11-04,2022-05-05,-55.65164985019706,61.78969233912952,-80.33223838990473,105.65536315662114,4065.7906527519226,799.6500131487846,1644.5231385231018
314,2.5,1.5,3.0,30,2018-11-04,2020-05-05,2020-05-05,2022-11-03,-66.1898078519507,62.33644132440696,-80.31019779088703,235.54580384354864,3446.8987946510315,678.6875550150871,2277.3076120615005
404,3.0,1.0,2.0,30,2019-11-04,2020-11-03,2020-11-03,2023-11-03,-62.800826575431735,62.85457288874336,-62.800826575431735,331.9165780050276,3080.7534925937653,1146.0148344933987,4949.828056573868
650,4.0,3.5,1.0,30,2017-05-06,2020-11-03,2020-11-03,2024-11-02,-46.27510939711379,63.04748693094289,-88.50786851510041,605.7887879848407,3639.51251411438,418.2575635313988,2952.0149883031845
520,3.5,2.0,2.0,30,2018-05-06,2020-05-05,2020-05-05,2023-11-03,-68.82339643667595,63.93256658281632,-90.17881552743772,463.68213711524413,2834.055827140808,278.3378508388996,1568.9407460093498
336,2.5,2.5,3.0,30,2017-11-04,2020-05-05,2020-05-05,2022-11-03,-63.14468986155492,64.24036888106947,-91.34099554354161,245.46543520623496,3027.495575904846,262.15097683668137,905.6410130262375
660,4.0,4.0,1.0,30,2016-11-04,2020-11-03,2020-11-03,2024-11-02,-41.47322078703426,64.61753620335054,-88.26674524008608,633.350013683456,3501.942102432251,410.89178842306137,3013.2749866247177
618,4.0,2.0,1.5,30,2018-05-06,2020-05-05,2020-05-05,2024-05-04,-68.82339643667595,64.64775600958505,-90.17881552743772,633.8882943577325,2834.055827140808,278.3378508388996,2042.6889060735703
154,1.5,3.5,1.0,30,2019-11-04,2023-05-05,2023-05-05,2024-11-02,-16.967599342730434,64.7035574293223,-47.84980205448708,110.94241277484088,11622.736256837845,6061.279964625835,12785.810202419758
78,1.0,4.5,1.5,30,2018-11-05,2023-05-05,2023-05-05,2024-05-04,-27.347237349430632,65.31826586624251,-76.24119107468931,65.09073525913183,6659.483006000519,1582.2138428092003,2612.088466465473
315,2.5,1.5,3.5,30,2018-05-06,2019-11-05,2019-11-05,2022-05-05,-69.61775395514323,65.38641878593904,-83.04449344159957,251.5202053512374,3251.2311232089996,551.2627063244581,1937.799797296524
532,3.5,2.5,2.5,30,2017-05-06,2019-11-05,2019-11-05,2023-05-05,-58.35852681856093,65.50179126151995,-88.58090529795123,482.78681187041997,2991.6272687911987,341.61675095558167,1990.8973717093468
132,1.5,2.5,1.0,30,2020-11-03,2023-05-05,2023-05-05,2024-11-02,-26.134439745504235,65.72872354903261,-53.126781591018,112.90950163661057,9616.81053185463,4507.7086045742035,9597.33992522955
188,1.5,5.0,1.0,30,2018-05-06,2023-05-05,2023-05-05,2024-11-02,-33.10488708602091,65.74671119444295,-86.56468693312041,112.94407033607834,7307.992903709412,981.8517255187035,2090.7950289845467
83,1.0,4.5,3.5,30,2016-11-05,2021-05-05,2021-05-05,2022-05-05,-35.56654685005868,67.1421310619224,-86.04381927812396,67.1421310619224,2662.1211738586426,371.53044205904007,620.9838984012604
54,1.0,3.5,1.0,30,2020-05-05,2023-11-03,2023-11-03,2024-11-02,1.1639120976208117,67.22364803409069,4.131654802043866,66.98825212911198,9265.530671358109,9648.350414276123,16111.611716091633
326,2.5,2.0,3.5,30,2017-11-05,2019-11-05,2019-11-05,2022-05-05,-65.22856436066687,68.67444964857934,-87.44300849729554,269.2429636578304,2721.355080604553,341.7203262299299,1261.7782599925995
552,3.5,3.5,1.5,30,2017-05-06,2020-11-04,2020-11-04,2024-05-04,-46.43807009926736,69.16517373255033,-88.64700929628748,528.2754539696733,3532.759813308716,401.07389318943024,2519.8488231897354
563,3.5,4.0,1.5,30,2016-11-05,2020-11-04,2020-11-04,2024-05-04,-41.55928995769611,69.48999949560519,-88.26992378435645,532.5029951357213,3501.942102432251,410.780477643013,2598.1988245248795
750,4.5,3.5,1.0,30,2016-11-04,2020-05-05,2020-05-05,2024-11-02,-51.30858717164604,69.65929354419154,-91.95260777153459,976.8518895705821,2852.517417550087,229.5532649755478,2471.9486714601517
729,4.5,2.5,1.5,30,2017-05-06,2019-11-05,2019-11-05,2024-05-04,-58.35852681856093,69.73565828436534,-88.58090529795123,979.0327536273729,2991.6272687911987,341.61675095558167,3686.1566346883774
173,1.5,4.0,4.0,30,2016-05-06,2020-05-05,2020-05-05,2021-11-03,-39.3418401577348,70.17675509893746,-86.4619247185634,121.83703696737132,5416.87263917923,733.340295791626,1626.8203830718994
214,2.0,1.5,3.5,30,2018-11-05,2020-05-05,2020-05-05,2022-05-05,-66.1898078519507,70.28704708261122,-80.31132008314766,189.97678404115453,3447.095274448395,678.6875550150871,1968.0363457202911
717,4.5,2.0,1.0,30,2018-05-06,2020-05-05,2020-05-05,2024-11-02,-68.82339643667595,70.96279755916717,-90.17881552743772,1014.5515014114633,2834.055827140808,278.3378508388996,3102.2186955213547
143,1.5,3.0,1.0,30,2020-05-05,2023-05-05,2023-05-05,2024-11-02,-6.263809682369925,71.39936200871044,-17.63894594755613,123.8989824786666,9926.58783698082,8175.642373979092,18305.180086433887
640,4.0,3.0,1.0,30,2017-11-04,2020-11-03,2020-11-03,2024-11-02,-50.699463777960155,71.41134982640342,-87.82825624450756,762.0195100296105,3744.500499725342,455.77100574970245,3928.834990620613
369,2.5,4.0,3.0,30,2016-05-06,2020-05-05,2020-05-05,2022-11-03,-39.3418401577348,71.664663485467,-86.4619247185634,285.8164898957939,5416.87263917923,733.340295791626,2829.3477882146835
424,3.0,2.0,3.0,30,2017-11-04,2019-11-04,2019-11-04,2022-11-03,-65.59496731749054,72.38844871640799,-87.66519017626042,412.3001519573727,2646.55024433136,326.44693952798843,1672.3881672620773
357,2.5,3.5,2.5,30,2017-05-06,2020-11-04,2020-11-04,2023-05-05,-46.43807009926736,72.48968548367019,-88.64700929628748,290.4662420490249,3532.759813308716,401.07389318943024,1566.0581585764885
221,2.0,1.5,4.0,30,2018-05-06,2019-11-04,2019-11-04,2021-11-03,-69.85283324704163,73.12184604636415,-83.16322777493426,199.71173578501015,3194.027445077896,537.7711257338524,1611.7631754875183
673,4.0,4.5,1.0,30,2016-05-06,2020-11-03,2020-11-03,2024-11-02,-35.55284738068229,73.15971091871079,-86.14271436608358,797.706003104494,2785.3773889541626,385.9777007699013,3464.9449904561043
684,4.0,5.0,1.0,30,2015-11-05,2020-11-03,2020-11-03,2024-11-02,-32.5386277300284,73.16394691655262,-86.02744409704714,797.7937883153216,2769.685695171356,386.9958820939064,3474.4249904751778
542,3.5,3.0,1.5,30,2017-11-05,2020-11-04,2020-11-04,2024-05-04,-50.798661533176585,73.1691034451936,-87.92191145087959,581.8147844949101,3695.0505027770996,446.2914716601372,3042.881235718727
61,1.0,3.5,3.5,30,2017-11-05,2021-05-05,2021-05-05,2022-05-05,-43.91596898128692,73.35639818442176,-86.61614133034841,73.35639818442179,2701.696455001831,361.5912352204323,626.8415415287018
446,3.0,3.0,3.0,30,2016-11-04,2019-11-04,2019-11-04,2022-11-03,-49.16708084326062,73.63341337435195,-86.86484653349407,423.479777006526,3657.95222055912,480.4776379019022,2515.203267455101
368,2.5,4.0,2.5,30,2016-11-05,2020-11-04,2020-11-04,2023-05-05,-41.55928995769611,73.78004602716095,-88.26992378435645,297.8057010263613,3501.942102432251,410.780477643013,1634.1081587672234
738,4.5,3.0,1.0,30,2017-05-06,2020-05-05,2020-05-05,2024-11-02,-56.18010762659068,73.80891652775483,-91.39039602586091,1100.4322046108534,3314.913882255554,285.4009573459625,3426.045004248619
434,3.0,2.5,3.0,30,2017-05-06,2019-11-04,2019-11-04,2022-11-03,-56.21960135076775,73.95502131727798,-87.04698255512177,426.3939732163482,3713.6856184005737,481.0343459993601,2532.135806441307
651,4.0,3.5,1.5,30,2016-11-05,2020-05-05,2020-05-05,2024-05-04,-51.42458344300091,74.76223291059824,-91.92629057128964,831.3782674446788,2862.417417526245,231.10326492786407,2152.4455848932266
455,3.0,3.5,2.0,30,2017-05-06,2020-11-03,2020-11-03,2023-11-03,-46.27510939711379,75.65576963848383,-88.50786851510041,441.98498852936734,3639.51251411438,418.2575635313988,2266.8932077288628
554,3.5,3.5,2.0,30,2016-11-04,2020-05-05,2020-05-05,2023-11-03,-51.30858717164604,75.65693549788952,-91.95260777153459,617.7833802808118,2852.517417550087,229.5532649755478,1647.6951848864555
124,1.5,2.0,1.0,30,2021-05-05,2023-05-05,2023-05-05,2024-11-02,-40.70290829232975,76.3517684614039,-64.83854915012145,133.64538592519227,14323.815882444382,5036.461481332779,11767.459865033627
228,2.0,2.0,4.0,30,2017-11-04,2019-11-04,2019-11-04,2021-11-03,-65.59496731749054,76.7484324376893,-87.66519017626042,212.4000836918042,2646.55024433136,326.44693952798843,1019.8205122947693
456,3.0,3.5,2.5,30,2016-11-05,2020-05-05,2020-05-05,2023-05-05,-51.42458344300091,77.66920468277279,-91.92629057128964,460.83676405488376,2862.417417526245,231.10326492786407,1296.112072646618
641,4.0,3.0,1.5,30,2017-05-06,2020-05-05,2020-05-05,2024-05-04,-56.18010762659068,78.1506983354503,-91.39039602586091,905.6874422173647,3314.913882255554,285.4009573459625,2870.241587996483
325,2.5,2.0,3.0,30,2018-05-06,2020-05-05,2020-05-05,2022-11-03,-68.82339643667595,78.30681032464899,-90.17881552743772,324.2049794874574,2834.055827140808,278.3378508388996,1180.723023056984
465,3.0,4.0,2.0,30,2016-11-04,2020-11-03,2020-11-03,2023-11-03,-41.47322078703426,78.92979780200207,-88.26674524008608,472.8593600299065,3501.942102432251,410.89178842306137,2353.8320695757866
348,2.5,3.0,3.5,30,2016-11-05,2019-11-05,2019-11-05,2022-05-05,-49.28368517279695,79.62522211289354,-86.8833588475434,332.08565381373216,3657.95222055912,479.800466299057,2073.148981809616
543,3.5,3.0,2.0,30,2017-05-06,2020-05-05,2020-05-05,2023-11-03,-56.18010762659068,79.69570946699467,-91.39039602586091,677.2009007669305,3314.913882255554,285.4009573459625,2218.138811290264
445,3.0,3.0,2.5,30,2017-05-06,2020-05-05,2020-05-05,2023-05-05,-56.18010762659068,79.7253663092469,-91.39039602586091,480.5346313323532,3314.913882255554,285.4009573459625,1656.85139554739
390,2.5,5.0,2.5,30,2015-11-06,2020-11-04,2020-11-04,2023-05-05,-32.61551871826942,81.34524662084843,-86.10689084659424,342.4980111410094,2776.8217239379883,385.7868731021881,1707.099240720272
585,3.5,5.0,1.5,30,2015-11-06,2020-11-04,2020-11-04,2024-05-04,-32.61551871826942,81.40865207976972,-86.10689084659424,702.1212267319025,2776.8217239379883,385.7868731021881,3094.4783990979195
378,2.5,4.5,2.5,30,2016-05-06,2020-11-04,2020-11-04,2023-05-05,-35.59422470043915,81.48105422018313,-86.19933831598165,343.3264774675387,2785.3773889541626,384.40051007270813,1704.1492406725883
574,3.5,4.5,1.5,30,2016-05-06,2020-11-04,2020-11-04,2024-05-04,-35.59422470043915,81.5779351301641,-86.19933831598165,704.7409715452535,2785.3773889541626,384.40051007270813,3093.4283993840218
238,2.0,2.5,3.5,30,2017-11-05,2020-05-05,2020-05-05,2022-05-05,-63.14468986155492,81.69662734824001,-91.34099554354161,230.136643897252,3027.495575904846,262.15097683668137,865.4564368724823
139,1.5,2.5,4.0,30,2017-11-04,2020-05-05,2020-05-05,2021-11-03,-63.14468986155492,82.5489042831383,-91.34099554354161,146.43976843386895,3027.495575904846,262.15097683668137,646.044260263443
9,1.0,1.0,4.5,30,2019-05-06,2020-05-05,2020-05-05,2021-05-05,-77.63155312238163,83.02780260720175,-77.63155312238163,83.02780260720178,3348.272210240364,748.9564906656742,1370.7986073493958
118,1.5,1.5,4.0,30,2018-11-04,2020-05-05,2020-05-05,2021-11-03,-66.1898078519507,83.09746076247337,-80.31019779088703,147.5504062474987,3446.8987946510315,678.6875550150871,1680.0937995910645
23,1.0,2.0,1.5,30,2021-05-05,2023-05-05,2023-05-05,2024-05-04,-40.70290829232975,83.36736737019521,-64.83854915012145,83.06301868073056,14323.815882444382,5036.461481332779,9219.898422420025
40,1.0,2.5,4.0,30,2018-05-06,2020-11-03,2020-11-03,2021-11-03,-57.882027696391184,83.4307820399789,-88.39056504129043,83.4307820399789,3343.3677792549133,388.146107763052,711.9794409275055
105,1.5,1.0,4.0,30,2019-05-06,2020-05-05,2020-05-05,2021-11-03,-77.63155312238163,85.28311893752519,-77.63155312238163,151.99207383578656,3348.272210240364,748.9564906656742,1887.3109929561615
184,1.5,4.5,4.0,30,2015-11-05,2020-05-05,2020-05-05,2021-11-03,-35.8295075113609,85.47084332691597,-86.42483079223501,152.37478916750766,10465.099407196045,1420.654952287674,3585.374940633774
487,3.0,5.0,2.0,30,2015-11-05,2020-11-03,2020-11-03,2023-11-03,-32.5386277300284,86.50881610746384,-86.02744409704714,548.7809600648627,2769.685695171356,386.9958820939064,2510.75559926033
476,3.0,4.5,2.0,30,2016-05-06,2020-11-03,2020-11-03,2023-11-03,-35.55284738068229,86.66523582479199,-86.14271436608358,550.4146726772154,2785.3773889541626,385.9777007699013,2510.4555990695953
443,3.0,3.0,2.0,30,2017-11-04,2020-11-03,2020-11-03,2023-11-03,-50.699463777960155,88.5338378686878,-87.82825624450756,570.1436779366059,3744.500499725342,455.77100574970245,3054.3205808997154
19,1.0,1.5,4.0,30,2019-05-06,2020-11-03,2020-11-03,2021-11-03,-63.51595763953338,91.56817323831672,-77.93244153212083,91.5681732383167,3851.2255016565323,849.8714393079281,1628.0831911563873
294,2.0,5.0,3.5,30,2015-05-07,2020-05-05,2020-05-05,2022-05-05,-32.7371265402756,92.04907905704303,-86.23180266870972,268.82848766658356,6213.33309841156,855.4639618396759,3155.194792985916
337,2.5,2.5,3.5,30,2017-05-06,2019-11-05,2019-11-05,2022-05-05,-58.35852681856093,94.44295395206774,-88.58090529795123,426.7261981787758,2991.6272687911987,341.61675095558167,1799.3849246501923
12,1.0,1.0,4.0,30,2019-11-04,2020-11-03,2020-11-03,2021-11-03,-62.800826575431735,97.16282239452383,-62.800826575431735,97.16282239452386,3080.7534925937653,1146.0148344933987,2259.515192747116
151,1.5,3.0,3.5,30,2017-11-05,2020-11-04,2020-11-04,2022-05-05,-50.798661533176585,98.99610518804944,-87.92191145087959,180.45131996713695,3695.0505027770996,446.2914716601372,1251.6303231716156
250,2.0,3.0,4.0,30,2016-11-04,2019-11-04,2019-11-04,2021-11-03,-49.16708084326062,99.35147898220373,-86.86484653349407,297.4101217239202,3657.95222055912,480.4776379019022,1909.4667656421661
239,2.0,2.5,4.0,30,2017-05-06,2019-11-04,2019-11-04,2021-11-03,-56.21960135076775,99.72477683856002,-87.04698255512177,298.899864832126,3713.6856184005737,481.0343459993601,1918.8453559875488
53,1.0,2.5,4.5,30,2017-11-05,2020-05-05,2020-05-05,2021-05-05,-62.979995354535504,100.53106340540259,-91.41463270062926,100.5310634054026,2756.4455728530884,236.65097683668137,474.55872040987015
51,1.0,3.0,4.5,30,2017-05-06,2020-05-05,2020-05-05,2021-05-05,-55.70437864344922,105.27666549898926,-91.16527179413231,105.27666549898929,2860.3138818740845,252.7009572982788,518.7360988259315
227,2.0,2.0,3.5,30,2018-05-06,2020-05-05,2020-05-05,2022-05-05,-68.82339643667595,106.4255880916805,-90.17881552743772,326.1152341899614,2834.055827140808,278.3378508388996,1186.0399849414825
347,2.5,3.0,3.0,30,2017-05-06,2020-05-05,2020-05-05,2022-11-03,-56.18010762659068,106.78909116805752,-91.39039602586091,514.308934367033,3314.913882255554,285.4009573459625,1753.2435797452927
63,1.0,3.5,4.5,30,2016-11-05,2020-05-05,2020-05-05,2021-05-05,-50.902314354367675,110.2353716135092,-91.60473770584765,110.23537161350919,2499.067419052124,209.8032647371292,441.0806732773781
259,2.0,3.5,3.0,30,2017-05-06,2020-11-03,2020-11-03,2022-11-03,-46.27510939711379,110.99349412984738,-88.50786851510041,345.18254565121947,3639.51251411438,418.2575635313988,1862.0096687078476
248,2.0,3.0,3.0,30,2017-11-04,2020-11-03,2020-11-03,2022-11-03,-50.699463777960155,111.41277498524155,-87.82825624450756,346.95361426960375,3744.500499725342,455.77100574970245,2037.0849829912186
271,2.0,4.0,3.5,30,2016-05-06,2020-05-05,2020-05-05,2022-05-05,-39.3418401577348,111.89983070915473,-86.4619247185634,349.01538254568425,5416.87263917923,733.340295791626,3292.8107345104218
358,2.5,3.5,3.0,30,2016-11-04,2020-05-05,2020-05-05,2022-11-03,-51.30858717164604,113.4341725103369,-91.95260777153459,564.8272930063018,2852.517417550087,229.5532649755478,1526.1327575445175
196,1.5,5.0,4.5,30,2014-11-06,2019-11-05,2019-11-05,2021-05-05,-30.914512522560756,114.03969485457691,-84.38970242531579,212.8158519138119,7616.409792900085,1188.9442331790924,3719.2060317993164
174,1.5,4.0,4.5,30,2015-11-06,2019-11-05,2019-11-05,2021-05-05,-36.09095602643715,114.76327739921372,-83.3179551817264,214.40199605333908,10018.652868747711,1671.3161617517471,5254.651372909546
270,2.0,4.0,3.0,30,2016-11-04,2020-11-03,2020-11-03,2022-11-03,-41.47322078703426,115.55814190562961,-88.26674524008608,364.65312541807543,3501.942102432251,410.89178842306137,1909.2215369939804
163,1.5,3.5,4.5,30,2016-05-06,2019-11-05,2019-11-05,2021-05-05,-37.379350183729244,120.00399426889454,-80.58072437499153,225.96934933192804,5362.085268497467,1041.2781175374985,3394.2475044727325
60,1.0,3.5,3.0,30,2018-05-06,2021-11-03,2021-11-03,2022-11-03,-46.22327338261585,121.03722224613169,-88.538698105784,121.03722224613169,5698.239772796631,653.09246301651,1443.5774389505386
249,2.0,3.0,3.5,30,2017-05-06,2020-05-05,2020-05-05,2022-05-05,-56.18010762659068,121.55888630390237,-91.39039602586091,390.88340100225537,3314.913882255554,285.4009573459625,1400.985925912857
129,1.5,2.0,4.0,30,2018-05-06,2020-05-05,2020-05-05,2021-11-03,-68.82339643667595,124.01749207710613,-90.17881552743772,234.92152351968815,2834.055827140808,278.3378508388996,932.2133705615997
185,1.5,4.5,4.5,30,2015-05-07,2019-11-05,2019-11-05,2021-05-05,-31.009380677680564,125.31393118985119,-81.19235751950379,237.83045356109628,5391.916215896606,1014.0923247337341,3425.912700176239
281,2.0,4.5,3.0,30,2016-05-06,2020-11-03,2020-11-03,2022-11-03,-35.55284738068229,125.4820971997368,-86.14271436608358,408.4217615759155,2785.3773889541626,385.9777007699013,1962.394625544548
292,2.0,5.0,3.0,30,2015-11-05,2020-11-03,2020-11-03,2022-11-03,-32.5386277300284,125.63236372298002,-86.02744409704714,409.0996355921915,2769.685695171356,386.9958820939064,1970.1946254968643
161,1.5,3.5,3.5,30,2017-05-06,2020-11-04,2020-11-04,2022-05-05,-46.43807009926736,127.28862603930655,-88.64700929628748,242.27729600356463,3532.759813308716,401.07389318943024,1372.7848765850067
82,1.0,4.0,5.0,30,2015-11-05,2019-11-04,2019-11-04,2020-11-03,-35.76516794191008,128.97166456663828,-82.97518615115384,128.97166456663825,9772.571229457855,1663.7620600610971,3809.543683350086
31,1.0,2.0,4.5,30,2018-05-06,2020-05-05,2020-05-05,2021-05-05,-69.11639195326539,129.52372308677553,-90.32923608551302,129.52372308677556,2614.455828666687,252.8378508388996,580.3228486180305
171,1.5,4.0,3.5,30,2016-11-05,2020-11-04,2020-11-04,2022-05-05,-41.55928995769611,131.8663954297405,-88.26992378435645,252.66015178238544,3501.942102432251,410.780477643013,1448.6590559482574
29,1.0,2.0,4.0,30,2018-11-04,2020-11-03,2020-11-03,2021-11-03,-55.7846961772247,132.53974901607455,-80.46969458276912,132.53974901607455,4103.8165555000305,801.4879070520401,1863.777967453003
260,2.0,3.5,3.5,30,2016-11-05,2020-05-05,2020-05-05,2022-05-05,-51.42458344300091,137.84063787802276,-91.92629057128964,465.68169026224746,2862.417417526245,231.10326492786407,1307.3088552951813
71,1.0,4.0,3.0,30,2017-11-04,2021-11-03,2021-11-03,2022-11-03,-45.88459536032278,145.20469270433261,-91.14609802666789,145.20469270433261,6336.5138511657715,561.0287249088287,1375.668760895729
84,1.0,4.5,3.0,30,2017-05-06,2021-11-03,2021-11-03,2022-11-03,-44.50706500361199,148.517299769671,-92.87365284780881,148.517299769671,6619.999777793884,471.7641656398773,1172.4155657291412
97,1.0,5.0,5.0,30,2014-11-05,2019-11-04,2019-11-04,2020-11-03,-30.988986081775593,149.35746822384957,-84.34719983348577,149.35746822384957,7569.280337899923,1184.8043253347278,2954.398069061339
92,1.0,5.0,3.0,30,2016-11-04,2021-11-03,2021-11-03,2022-11-03,-39.32145398168824,149.60317048605245,-91.7742438982605,149.60317048605242,6272.832494735718,515.9879016876221,1287.92216193676
183,1.5,4.5,3.5,30,2016-05-06,2020-11-04,2020-11-04,2022-05-05,-35.59422470043915,150.57735730964055,-86.19933831598165,296.1560031277623,2785.3773889541626,384.40051007270813,1522.8256967067719
150,1.5,3.0,4.0,30,2017-05-06,2020-05-05,2020-05-05,2021-11-03,-56.18010762659068,151.1602780571345,-91.39039602586091,297.5379142265507,3314.913882255554,285.4009573459625,1134.577013015747
193,1.5,5.0,3.5,30,2015-11-06,2020-11-04,2020-11-04,2022-05-05,-32.61551871826942,151.9548208288381,-86.10689084659424,299.4240873717021,2776.8217239379883,385.7868731021881,1540.9256970882416
162,1.5,3.5,4.0,30,2016-11-04,2020-05-05,2020-05-05,2021-11-03,-51.30858717164604,162.3733697239788,-91.95260777153459,324.42970034121595,2852.517417550087,229.5532649755478,974.292234659195
74,1.0,3.5,5.0,30,2016-05-06,2019-11-04,2019-11-04,2020-11-03,-37.513297132144544,168.21152198047912,-80.70093021526549,168.21152198047912,5326.835265636444,1028.0296552330256,2757.29398471117
91,1.0,4.5,5.0,30,2015-05-07,2019-11-04,2019-11-04,2020-11-03,-31.009468873104083,170.07105288462876,-81.17332896467846,170.07105288462876,5391.916215896606,1015.1183284670115,2741.540757715702
141,1.5,2.5,4.5,30,2017-05-06,2019-11-05,2019-11-05,2021-05-05,-54.47489657495991,178.4316754460183,-85.81759990146136,363.94741308674537,3356.6856184005737,476.0585844516754,2208.661487340927
152,1.5,3.0,4.5,30,2016-11-05,2019-11-05,2019-11-05,2021-05-05,-47.91065543573379,183.7626159903356,-85.78522434362078,377.32291290288737,3262.1018940210342,463.7004659175873,2213.348571062088
52,1.0,3.0,4.0,30,2017-11-04,2020-11-03,2020-11-03,2021-11-03,-50.699463777960155,192.14541647851635,-87.82825624450756,192.14541647851638,3744.500499725342,455.77100574970245,1331.514102935791
65,1.0,3.5,4.0,30,2017-05-06,2020-11-03,2020-11-03,2021-11-03,-46.27510939711379,221.92380809931734,-88.50786851510041,221.92380809931737,3639.51251411438,418.2575635313988,1346.4706761837006
72,1.0,4.0,4.0,30,2016-11-04,2020-11-03,2020-11-03,2021-11-03,-41.47322078703426,242.2674798682308,-88.26674524008608,242.2674798682308,3501.942102432251,410.89178842306137,1406.348969221115
87,1.0,4.5,4.0,30,2016-05-06,2020-11-03,2020-11-03,2021-11-03,-35.55284738068229,264.16115377954424,-86.14271436608358,264.1611537795442,2785.3773889541626,385.9777007699013,1405.580848455429
96,1.0,5.0,4.0,30,2015-11-05,2020-11-03,2020-11-03,2021-11-03,-32.5386277300284,264.35293345043414,-86.02744409704714,264.35293345043414,2769.685695171356,386.9958820939064,1410.0308487415314
85,1.0,4.5,4.5,30,2015-11-06,2020-05-05,2020-05-05,2021-05-05,-36.16767530849505,284.6765760809304,-86.72758224494248,284.6765760809304,10703.814320087433,1420.654952287674,5464.926828384399
100,1.0,5.0,4.5,30,2015-05-07,2020-05-05,2020-05-05,2021-05-05,-32.7371265402756,327.94086845403837,-86.23180266870972,327.94086845403837,6213.33309841156,855.4639618396759,3660.879907608032
76,1.0,4.0,4.5,30,2016-05-06,2020-05-05,2020-05-05,2021-05-05,-39.3418401577348,367.2363783289484,-86.4619247185634,367.2363783289484,5416.87263917923,733.340295791626,3426.4326388835907
